Run	BioSample	Name	Breed	Category	bases	size_MB	LibraryLayout	Platform	Model
ERR170575	SAMEA1521940	Village Dog - Aboriginal Camp Dog	Village Dog - Aboriginal Camp Dog	village	21677152400	10088	PAIRED	ILLUMINA	Illumina HiSeq 2000
ERR175558	SAMEA1521940	Village Dog - Aboriginal Camp Dog	Village Dog - Aboriginal Camp Dog	village	36622125400	17970	PAIRED	ILLUMINA	Illumina HiSeq 2000
SRR776307	SAMN01974489	Grey Wolf 4	Grey Wolf	wild	5870057336	4301	PAIRED	ILLUMINA	Illumina Genome Analyzer IIx
SRR776429	SAMN01974489	Grey Wolf 4	Grey Wolf	wild	1775375272	1253	PAIRED	ILLUMINA	Illumina Genome Analyzer IIx
SRR776430	SAMN01974489	Grey Wolf 4	Grey Wolf	wild	3546965136	2516	PAIRED	ILLUMINA	Illumina Genome Analyzer IIx
SRR776431	SAMN01974489	Grey Wolf 4	Grey Wolf	wild	950284544	699	PAIRED	ILLUMINA	Illumina Genome Analyzer IIx
SRR776432	SAMN01974489	Grey Wolf 4	Grey Wolf	wild	3966497700	2818	PAIRED	ILLUMINA	Illumina Genome Analyzer IIx
SRR776433	SAMN01974489	Grey Wolf 4	Grey Wolf	wild	2260540350	1631	PAIRED	ILLUMINA	Illumina Genome Analyzer IIx
SRR776434	SAMN01974489	Grey Wolf 4	Grey Wolf	wild	5254438800	3812	PAIRED	ILLUMINA	Illumina Genome Analyzer IIx
SRR776435	SAMN01974489	Grey Wolf 4	Grey Wolf	wild	3476114224	2388	PAIRED	ILLUMINA	Illumina Genome Analyzer IIx
SRR780873	SAMN01974486	Grey Wolf 1	Grey Wolf	wild	8465320650	5183	PAIRED	ILLUMINA	Illumina Genome Analyzer IIx
SRR780874	SAMN01974486	Grey Wolf 1	Grey Wolf	wild	481863210	203	PAIRED	ILLUMINA	Illumina Genome Analyzer IIx
SRR780932	SAMN01974486	Grey Wolf 1	Grey Wolf	wild	4961728548	2887	PAIRED	ILLUMINA	Illumina Genome Analyzer IIx
SRR780933	SAMN01974486	Grey Wolf 1	Grey Wolf	wild	21899054160	13171	PAIRED	ILLUMINA	Illumina Genome Analyzer IIx
SRR781456	SAMN01974487	Grey Wolf 2	Grey Wolf	wild	2384672052	1305	PAIRED	ILLUMINA	Illumina Genome Analyzer IIx
SRR781457	SAMN01974487	Grey Wolf 2	Grey Wolf	wild	2137680402	1226	PAIRED	ILLUMINA	Illumina Genome Analyzer IIx
SRR781524	SAMN01974487	Grey Wolf 2	Grey Wolf	wild	22779140160	13320	PAIRED	ILLUMINA	Illumina Genome Analyzer IIx
SRR781639	SAMN01974488	Grey Wolf 3	Grey Wolf	wild	22049479276	11488	PAIRED	ILLUMINA	Illumina Genome Analyzer IIx
SRR781706	SAMN01974488	Grey Wolf 3	Grey Wolf	wild	21853557456	13029	PAIRED	ILLUMINA	Illumina Genome Analyzer IIx
SRR781830	SAMN01974490	Village Dog - China 2	Village Dog - China	village	23492580608	13797	PAIRED	ILLUMINA	Illumina Genome Analyzer IIx
SRR781888	SAMN01974490	Village Dog - China 2	Village Dog - China	village	19964081978	11836	PAIRED	ILLUMINA	Illumina Genome Analyzer IIx
SRR781955	SAMN01974490	Village Dog - China 2	Village Dog - China	village	7176721246	4251	PAIRED	ILLUMINA	Illumina Genome Analyzer IIx
SRR782079	SAMN01974491	Village Dog - China 3	Village Dog - China	village	58301518050	31586	PAIRED	ILLUMINA	Illumina Genome Analyzer IIx
SRR782080	SAMN01974492	Village Dog - China 4	Village Dog - China	village	31007163066	18749	PAIRED	ILLUMINA	Illumina Genome Analyzer IIx
SRR1061732	SAMN02485568	Village Dog - China 5	Village Dog - China	village	13826830680	8059	PAIRED	ILLUMINA	Illumina HiSeq 2000
SRR1061733	SAMN02485568	Village Dog - China 5	Village Dog - China	village	5820055400	3492	PAIRED	ILLUMINA	Illumina HiSeq 2000
SRR1061734	SAMN02485569	Village Dog - China 6	Village Dog - China	village	14864602860	8757	PAIRED	ILLUMINA	Illumina HiSeq 2000
SRR1061735	SAMN02485569	Village Dog - China 6	Village Dog - China	village	6315095200	3738	PAIRED	ILLUMINA	Illumina HiSeq 2000
SRR1061736	SAMN02485570	Village Dog - China 7	Village Dog - China	village	14179718520	8368	PAIRED	ILLUMINA	Illumina HiSeq 2000
SRR1061737	SAMN02485570	Village Dog - China 7	Village Dog - China	village	6572111800	3912	PAIRED	ILLUMINA	Illumina HiSeq 2000
SRR1061738	SAMN02485571	Village Dog - China 8	Village Dog - China	village	13864715640	8149	PAIRED	ILLUMINA	Illumina HiSeq 2000
SRR1061739	SAMN02485571	Village Dog - China 8	Village Dog - China	village	5859863600	3427	PAIRED	ILLUMINA	Illumina HiSeq 2000
SRR1061740	SAMN02485572	Village Dog - China 42	Village Dog - China	village	14531371920	8647	PAIRED	ILLUMINA	Illumina HiSeq 2000
SRR1061741	SAMN02485572	Village Dog - China 42	Village Dog - China	village	6525256200	3888	PAIRED	ILLUMINA	Illumina HiSeq 2000
SRR1061746	SAMN02485575	Village Dog - China 41	Village Dog - China	village	13423950720	7628	PAIRED	ILLUMINA	Illumina HiSeq 2000
SRR1061747	SAMN02485575	Village Dog - China 41	Village Dog - China	village	5733192400	3411	PAIRED	ILLUMINA	Illumina HiSeq 2000
SRR1061748	SAMN02485576	Village Dog - China 9	Village Dog - China	village	14835760200	8525	PAIRED	ILLUMINA	Illumina HiSeq 2000
SRR1061753	SAMN02485576	Village Dog - China 9	Village Dog - China	village	6121061400	3604	PAIRED	ILLUMINA	Illumina HiSeq 2000
SRR1061804	SAMN02485581	Village Dog - China 1	Village Dog - China	village	13334851800	7367	PAIRED	ILLUMINA	Illumina HiSeq 2000
SRR1061808	SAMN02485581	Village Dog - China 1	Village Dog - China	village	6870977000	4104	PAIRED	ILLUMINA	Illumina HiSeq 2000
SRR1061818	SAMN02485582	Village Dog - Egypt 1	Village Dog - Egypt	village	21086998766	12957	PAIRED	ILLUMINA	Illumina HiSeq 2000
SRR1061841	SAMN02485583	Village Dog - Egypt 2	Village Dog - Egypt	village	18276268554	10517	PAIRED	ILLUMINA	Illumina HiSeq 2000
SRR1061860	SAMN02485586	Village Dog - India 1	Village Dog - India	village	14974728798	9138	PAIRED	ILLUMINA	Illumina HiSeq 2000
SRR1061861	SAMN02485586	Village Dog - India 1	Village Dog - India	village	19311710656	11318	PAIRED	ILLUMINA	Illumina HiSeq 2000
SRR1061958	SAMN02485587	Village Dog - India 2	Village Dog - India	village	18890725082	11151	PAIRED	ILLUMINA	Illumina HiSeq 2000
SRR1061959	SAMN02485588	Village Dog - India 3	Village Dog - India	village	12671271736	7331	PAIRED	ILLUMINA	Illumina HiSeq 2000
SRR1061960	SAMN02485588	Village Dog - India 3	Village Dog - India	village	14207330236	8021	PAIRED	ILLUMINA	Illumina HiSeq 2000
SRR1061962	SAMN02485590	Village Dog - India 4	Village Dog - India	village	18364759300	10629	PAIRED	ILLUMINA	Illumina HiSeq 2000
SRR1061963	SAMN02485590	Village Dog - India 4	Village Dog - India	village	16919499821	10429	PAIRED	ILLUMINA	Illumina HiSeq 2000
SRR1061964	SAMN02485591	Village Dog - India 5	Village Dog - India	village	19850799570	11298	PAIRED	ILLUMINA	Illumina HiSeq 2000
SRR1061965	SAMN02485592	Village Dog - Borneo 1	Village Dog - Borneo	village	17784127268	10748	PAIRED	ILLUMINA	Illumina HiSeq 2000
SRR1061966	SAMN02485593	Village Dog - Borneo 2	Village Dog - Borneo	village	20972522134	13060	PAIRED	ILLUMINA	Illumina HiSeq 2000
SRR1061967	SAMN02485594	Village Dog - Borneo 3	Village Dog - Borneo	village	14895439600	8534	PAIRED	ILLUMINA	Illumina HiSeq 2000
SRR1061968	SAMN02485595	Village Dog - Lebanon 1	Village Dog - Lebanon	village	21554930958	13246	PAIRED	ILLUMINA	Illumina HiSeq 2000
SRR1061969	SAMN02485596	Village Dog - Lebanon 2	Village Dog - Lebanon	village	22739513700	14202	PAIRED	ILLUMINA	Illumina HiSeq 2000
SRR1061970	SAMN02485597	Village Dog - Lebanon 3	Village Dog - Lebanon	village	23642357346	15484	PAIRED	ILLUMINA	Illumina HiSeq 2000
SRR1061971	SAMN02485598	Village Dog - Namibia 1	Village Dog - Namibia	village	20352940664	12164	PAIRED	ILLUMINA	Illumina HiSeq 2000
SRR1061972	SAMN02485599	Village Dog - Namibia 2	Village Dog - Namibia	village	19271611973	12140	PAIRED	ILLUMINA	Illumina HiSeq 2000
SRR1061973	SAMN02485599	Village Dog - Namibia 2	Village Dog - Namibia	village	16446310962	9246	PAIRED	ILLUMINA	Illumina HiSeq 2000
SRR1061974	SAMN02485600	Village Dog - Namibia 3	Village Dog - Namibia	village	2896369526	1532	PAIRED	ILLUMINA	Illumina HiSeq 2000
SRR1061975	SAMN02485600	Village Dog - Namibia 3	Village Dog - Namibia	village	4787514938	2852	PAIRED	ILLUMINA	Illumina HiSeq 2000
SRR1061976	SAMN02485600	Village Dog - Namibia 3	Village Dog - Namibia	village	10443040036	5462	PAIRED	ILLUMINA	Illumina HiSeq 2000
SRR1061977	SAMN02485601	Village Dog - Papua New Guinea 1	Village Dog - Papua New Guinea	village	20730365948	11553	PAIRED	ILLUMINA	Illumina HiSeq 2000
SRR1061978	SAMN02485602	Village Dog - Papua New Guinea 2	Village Dog - Papua New Guinea	village	6525040764	3541	PAIRED	ILLUMINA	Illumina HiSeq 2000
SRR1061979	SAMN02485602	Village Dog - Papua New Guinea 2	Village Dog - Papua New Guinea	village	5756394606	2878	PAIRED	ILLUMINA	Illumina HiSeq 2000
SRR1061980	SAMN02485602	Village Dog - Papua New Guinea 2	Village Dog - Papua New Guinea	village	3311945389	1900	PAIRED	ILLUMINA	Illumina HiSeq 2000
SRR1061981	SAMN02485603	Village Dog - Papua New Guinea 3	Village Dog - Papua New Guinea	village	15259384920	9736	PAIRED	ILLUMINA	Illumina HiSeq 2000
SRR1061982	SAMN02485603	Village Dog - Papua New Guinea 3	Village Dog - Papua New Guinea	village	21999649512	12661	PAIRED	ILLUMINA	Illumina HiSeq 2000
SRR1061983	SAMN02485604	Village Dog - Portugal 2	Village Dog - Portugal	village	23165144264	14233	PAIRED	ILLUMINA	Illumina HiSeq 2000
SRR1061984	SAMN02485604	Village Dog - Portugal 2	Village Dog - Portugal	village	20515529858	11670	PAIRED	ILLUMINA	Illumina HiSeq 2000
SRR1061985	SAMN02485605	Village Dog - Portugal 3	Village Dog - Portugal	village	14975922325	9119	PAIRED	ILLUMINA	Illumina HiSeq 2000
SRR1061986	SAMN02485605	Village Dog - Portugal 3	Village Dog - Portugal	village	21996776264	13343	PAIRED	ILLUMINA	Illumina HiSeq 2000
SRR1062005	SAMN02485606	Village Dog - Qatar 1	Village Dog - Qatar	village	10133671582	5780	PAIRED	ILLUMINA	Illumina HiSeq 2000
SRR1062006	SAMN02485606	Village Dog - Qatar 1	Village Dog - Qatar	village	22241790548	13495	PAIRED	ILLUMINA	Illumina HiSeq 2000
SRR1062016	SAMN02485607	Village Dog - Qatar 2	Village Dog - Qatar	village	16172058188	10622	PAIRED	ILLUMINA	Illumina HiSeq 2000
SRR1062024	SAMN02485608	Village Dog - Taiwan	Village Dog - Taiwan	village	19494915183	12016	PAIRED	ILLUMINA	Illumina HiSeq 2000
SRR1062028	SAMN02485608	Village Dog - Taiwan	Village Dog - Taiwan	village	19711734286	11089	PAIRED	ILLUMINA	Illumina HiSeq 2000
SRR1062042	SAMN02485609	Village Dog - Vietnam 1	Village Dog - Vietnam	village	25231208546	16205	PAIRED	ILLUMINA	Illumina HiSeq 2000
SRR1062046	SAMN02485610	Village Dog - Vietnam 2	Village Dog - Vietnam	village	19546455516	12565	PAIRED	ILLUMINA	Illumina HiSeq 2000
SRR1062054	SAMN02485611	Village Dog - Vietnam 3	Village Dog - Vietnam	village	13347787916	7734	PAIRED	ILLUMINA	Illumina HiSeq 2000
SRR1062055	SAMN02485611	Village Dog - Vietnam 3	Village Dog - Vietnam	village	12693641216	7433	PAIRED	ILLUMINA	Illumina HiSeq 2000
SRR1062072	SAMN02485612	Village Dog - Vietnam 4	Village Dog - Vietnam	village	5357020810	2691	PAIRED	ILLUMINA	Illumina HiSeq 2000
SRR1062078	SAMN02485612	Village Dog - Vietnam 4	Village Dog - Vietnam	village	18360144812	10310	PAIRED	ILLUMINA	Illumina HiSeq 2000
SRR1062090	SAMN02485613	Village Dog - Vietnam 5	Village Dog - Vietnam	village	23417467110	14684	PAIRED	ILLUMINA	Illumina HiSeq 2000
SRR1066702	SAMN02487034	Andean Fox	Andean Fox	wild	18162908982	11680	PAIRED	ILLUMINA	Illumina HiSeq 2000
SRR1066703	SAMN02487034	Andean Fox	Andean Fox	wild	10641450496	6874	PAIRED	ILLUMINA	Illumina HiSeq 2000
SRR1062100	SAMN02485614	Village Dog - Vietnam 6	Village Dog - Vietnam	village	15703360618	8568	PAIRED	ILLUMINA	Illumina HiSeq 2000
SRR1138313	SAMN02585181	Village Dog - China 10	Village Dog - China	village	40908650000	28252	PAIRED	ILLUMINA	Illumina HiSeq 2000
SRR1138314	SAMN02585182	Village Dog - China 11	Village Dog - China	village	36536485600	26241	PAIRED	ILLUMINA	Illumina HiSeq 2000
SRR1138315	SAMN02585183	Village Dog - China 12	Village Dog - China	village	35759371600	25854	PAIRED	ILLUMINA	Illumina HiSeq 2000
SRR1138316	SAMN02585184	Village Dog - China 13	Village Dog - China	village	36307499800	26156	PAIRED	ILLUMINA	Illumina HiSeq 2000
SRR1138317	SAMN02585185	Village Dog - China 14	Village Dog - China	village	35014500800	25399	PAIRED	ILLUMINA	Illumina HiSeq 2000
SRR1138318	SAMN02585186	Village Dog - China 15	Village Dog - China	village	38076626000	27165	PAIRED	ILLUMINA	Illumina HiSeq 2000
SRR1138331	SAMN02585187	Village Dog - China 16	Village Dog - China	village	36939602800	26568	PAIRED	ILLUMINA	Illumina HiSeq 2000
SRR1138337	SAMN02585171	Village Dog - China 20	Village Dog - China	village	40639377800	26690	PAIRED	ILLUMINA	Illumina HiSeq 2000
SRR1138338	SAMN02585172	Village Dog - China 21	Village Dog - China	village	40563188800	26467	PAIRED	ILLUMINA	Illumina HiSeq 2000
SRR1138332	SAMN02585188	Village Dog - China 17	Village Dog - China	village	37808435200	27114	PAIRED	ILLUMINA	Illumina HiSeq 2000
SRR1138333	SAMN02585189	Village Dog - China 18	Village Dog - China	village	37780045600	26705	PAIRED	ILLUMINA	Illumina HiSeq 2000
SRR1138334	SAMN02585190	Village Dog - China 19	Village Dog - China	village	39442649200	27420	PAIRED	ILLUMINA	Illumina HiSeq 2000
SRR1138340	SAMN02585173	Village Dog - China 22	Village Dog - China	village	38741152400	25850	PAIRED	ILLUMINA	Illumina HiSeq 2000
SRR1138342	SAMN02585174	Village Dog - China 23	Village Dog - China	village	34800761400	22325	PAIRED	ILLUMINA	Illumina HiSeq 2000
SRR1138343	SAMN02585175	Village Dog - China 24	Village Dog - China	village	37099352200	25245	PAIRED	ILLUMINA	Illumina HiSeq 2000
SRR1138344	SAMN02585176	Village Dog - China 25	Village Dog - China	village	38339988200	25900	PAIRED	ILLUMINA	Illumina HiSeq 2000
SRR1138345	SAMN02585177	Village Dog - China 26	Village Dog - China	village	32800504800	20830	PAIRED	ILLUMINA	Illumina HiSeq 2000
SRR1138349	SAMN02585161	Village Dog - China 30	Village Dog - China	village	40517716000	26992	PAIRED	ILLUMINA	Illumina HiSeq 2000
SRR1138350	SAMN02585162	Village Dog - China 31	Village Dog - China	village	42040639800	28047	PAIRED	ILLUMINA	Illumina HiSeq 2000
SRR1138346	SAMN02585178	Village Dog - China 27	Village Dog - China	village	38961090200	26143	PAIRED	ILLUMINA	Illumina HiSeq 2000
SRR1138347	SAMN02585179	Village Dog - China 28	Village Dog - China	village	38946382000	26151	PAIRED	ILLUMINA	Illumina HiSeq 2000
SRR1138348	SAMN02585180	Village Dog - China 29	Village Dog - China	village	37392267000	24308	PAIRED	ILLUMINA	Illumina HiSeq 2000
SRR1138351	SAMN02585163	Village Dog - China 32	Village Dog - China	village	36823309600	25577	PAIRED	ILLUMINA	Illumina HiSeq 2000
SRR1138352	SAMN02585164	Village Dog - China 33	Village Dog - China	village	38398092800	26893	PAIRED	ILLUMINA	Illumina HiSeq 2000
SRR1138353	SAMN02585165	Village Dog - China 34	Village Dog - China	village	40216380400	26630	PAIRED	ILLUMINA	Illumina HiSeq 2000
SRR1138354	SAMN02585166	Village Dog - China 35	Village Dog - China	village	33668322600	22750	PAIRED	ILLUMINA	Illumina HiSeq 2000
SRR1138355	SAMN02585167	Village Dog - China 36	Village Dog - China	village	41329108400	28633	PAIRED	ILLUMINA	Illumina HiSeq 2000
SRR1138357	SAMN02585168	Village Dog - China 37	Village Dog - China	village	32266464800	22070	PAIRED	ILLUMINA	Illumina HiSeq 2000
SRR1138358	SAMN02585169	Village Dog - China 38	Village Dog - China	village	36394335960	24043	PAIRED	ILLUMINA	Illumina HiSeq 2000
SRR1138359	SAMN02585170	Village Dog - China 39	Village Dog - China	village	39894241400	26760	PAIRED	ILLUMINA	Illumina HiSeq 2000
SRR1518485	SAMN02921301	Coyote 1	Coyote	wild	24381787600	16322	PAIRED	ILLUMINA	Illumina HiSeq 1000
SRR1518486	SAMN02921301	Coyote 1	Coyote	wild	32615250000	21228	PAIRED	ILLUMINA	Illumina HiSeq 1000
SRR1518488	SAMN02921302	Coyote 2	Coyote	wild	18559196600	10898	PAIRED	ILLUMINA	Illumina HiSeq 1000
SRR1518487	SAMN02921301	Coyote 1	Coyote	wild	7839825400	4895	PAIRED	ILLUMINA	Illumina HiSeq 1000
SRR1518513	SAMN02921310	Grey Wolf 9	Grey Wolf	wild	29774912000	19050	PAIRED	ILLUMINA	Illumina HiSeq 1000
SRR1518514	SAMN02921310	Grey Wolf 9	Grey Wolf	wild	34896130200	22784	PAIRED	ILLUMINA	Illumina HiSeq 1000
SRR1518489	SAMN02921303	Coyote 3	Coyote	wild	21981677200	12691	PAIRED	ILLUMINA	Illumina HiSeq 1000
SRR1518515	SAMN02921311	Grey Wolf 10	Grey Wolf	wild	30857999800	19292	PAIRED	ILLUMINA	Illumina HiSeq 1000
SRR1518516	SAMN02921311	Grey Wolf 10	Grey Wolf	wild	35311671800	23332	PAIRED	ILLUMINA	Illumina HiSeq 1000
SRR1518517	SAMN02921312	Grey Wolf 11	Grey Wolf	wild	37549309200	25150	PAIRED	ILLUMINA	Illumina HiSeq 1000
SRR1518518	SAMN02921312	Grey Wolf 11	Grey Wolf	wild	35198722800	24257	PAIRED	ILLUMINA	Illumina HiSeq 1000
SRR1518519	SAMN02921313	Grey Wolf 12	Grey Wolf	wild	19330118160	10707	PAIRED	ILLUMINA	Illumina HiSeq 1000
SRR1518520	SAMN02921314	Grey Wolf 13	Grey Wolf	wild	29014634400	18752	PAIRED	ILLUMINA	Illumina HiSeq 1000
SRR1518521	SAMN02921314	Grey Wolf 13	Grey Wolf	wild	32857392800	21134	PAIRED	ILLUMINA	Illumina HiSeq 1000
SRR1518522	SAMN02921315	Grey Wolf 14	Grey Wolf	wild	18031674120	10442	PAIRED	ILLUMINA	Illumina HiSeq 1000
SRR1518523	SAMN02921316	Grey Wolf 15	Grey Wolf	wild	36598329200	24723	PAIRED	ILLUMINA	Illumina HiSeq 1000
SRR1518524	SAMN02921316	Grey Wolf 15	Grey Wolf	wild	32073654400	21758	PAIRED	ILLUMINA	Illumina HiSeq 1000
SRR1518525	SAMN02921317	Red Wolf 1	Red Wolf	wild	37799328600	25332	PAIRED	ILLUMINA	Illumina HiSeq 1000
SRR1518526	SAMN02921317	Red Wolf 1	Red Wolf	wild	35259217600	24156	PAIRED	ILLUMINA	Illumina HiSeq 1000
SRR1518527	SAMN02921318	Red Wolf 2	Red Wolf	wild	19659354910	10914	PAIRED	ILLUMINA	Illumina HiSeq 1000
SRR1518528	SAMN02921319	Grey Wolf 16	Grey Wolf	wild	37384133000	25539	PAIRED	ILLUMINA	Illumina HiSeq 1000
SRR1518529	SAMN02921319	Grey Wolf 16	Grey Wolf	wild	32298404000	21461	PAIRED	ILLUMINA	Illumina HiSeq 1000
SRR1518530	SAMN02921320	Grey Wolf 17	Grey Wolf	wild	8480914800	5649	PAIRED	ILLUMINA	Illumina HiSeq 1000
SRR1518531	SAMN02921320	Grey Wolf 17	Grey Wolf	wild	29674119200	18414	PAIRED	ILLUMINA	Illumina HiSeq 1000
SRR1518532	SAMN02921320	Grey Wolf 17	Grey Wolf	wild	29916453600	19511	PAIRED	ILLUMINA	Illumina HiSeq 1000
SRR1518533	SAMN02921321	Grey Wolf 18	Grey Wolf	wild	27677429400	17123	PAIRED	ILLUMINA	Illumina HiSeq 1000
SRR1518534	SAMN02921321	Grey Wolf 18	Grey Wolf	wild	35480282000	23048	PAIRED	ILLUMINA	Illumina HiSeq 1000
SRR1518535	SAMN02921322	Grey Wolf 19	Grey Wolf	wild	21494702660	12325	PAIRED	ILLUMINA	Illumina HiSeq 1000
SRR2017892	SAMN03652998	Grey Wolf (Canis Lupus chanco) 3	Grey Wolf (Canis Lupus chanco)	wild	33243013620	23156	PAIRED	ILLUMINA	Illumina HiSeq 2000
SRR2017889	SAMN03652997	Grey Wolf (Canis Lupus chanco) 1	Grey Wolf (Canis Lupus chanco)	wild	27437964480	17948	PAIRED	ILLUMINA	Illumina HiSeq 2000
SRR2017890	SAMN03652997	Grey Wolf (Canis Lupus chanco) 1	Grey Wolf (Canis Lupus chanco)	wild	26718247260	17626	PAIRED	ILLUMINA	Illumina HiSeq 2000
SRR2017891	SAMN03652997	Grey Wolf (Canis Lupus chanco) 1	Grey Wolf (Canis Lupus chanco)	wild	13894185060	8942	PAIRED	ILLUMINA	Illumina HiSeq 2000
SRR2017897	SAMN03653003	Grey Wolf (Canis Lupus chanco) 2	Grey Wolf (Canis Lupus chanco)	wild	33264602640	23349	PAIRED	ILLUMINA	Illumina HiSeq 2000
SRR2017895	SAMN03653001	Grey Wolf (Canis Lupus chanco) 4	Grey Wolf (Canis Lupus chanco)	wild	23944068000	15017	PAIRED	ILLUMINA	Illumina HiSeq 2000
SRR2017893	SAMN03652999	Grey Wolf (Canis Lupus chanco) 6	Grey Wolf (Canis Lupus chanco)	wild	33288460020	23255	PAIRED	ILLUMINA	Illumina HiSeq 2000
SRR2017896	SAMN03653002	Grey Wolf (Canis Lupus chanco) 8	Grey Wolf (Canis Lupus chanco)	wild	33249927780	22922	PAIRED	ILLUMINA	Illumina HiSeq 2000
SRR2017894	SAMN03653000	Grey Wolf (Canis Lupus chanco) 7	Grey Wolf (Canis Lupus chanco)	wild	33372936000	23305	PAIRED	ILLUMINA	Illumina HiSeq 2000
SRR2017900	SAMN03653003	Grey Wolf (Canis Lupus chanco) 2	Grey Wolf (Canis Lupus chanco)	wild	34272453600	24721	PAIRED	ILLUMINA	Illumina HiSeq 2000
SRR2017901	SAMN03652998	Grey Wolf (Canis Lupus chanco) 3	Grey Wolf (Canis Lupus chanco)	wild	35100445860	24709	PAIRED	ILLUMINA	Illumina HiSeq 2000
SRR2017902	SAMN03653001	Grey Wolf (Canis Lupus chanco) 4	Grey Wolf (Canis Lupus chanco)	wild	35008345800	24998	PAIRED	ILLUMINA	Illumina HiSeq 2000
SRR2017899	SAMN03653001	Grey Wolf (Canis Lupus chanco) 4	Grey Wolf (Canis Lupus chanco)	wild	9739910340	6433	PAIRED	ILLUMINA	Illumina HiSeq 2000
SRR2017898	SAMN03653004	Grey Wolf (Canis Lupus chanco) 5	Grey Wolf (Canis Lupus chanco)	wild	33312661200	23331	PAIRED	ILLUMINA	Illumina HiSeq 2000
SRR2017903	SAMN03653004	Grey Wolf (Canis Lupus chanco) 5	Grey Wolf (Canis Lupus chanco)	wild	31398298740	22986	PAIRED	ILLUMINA	Illumina HiSeq 2000
SRR2017904	SAMN03652999	Grey Wolf (Canis Lupus chanco) 6	Grey Wolf (Canis Lupus chanco)	wild	35226792720	25325	PAIRED	ILLUMINA	Illumina HiSeq 2000
SRR2017906	SAMN03653002	Grey Wolf (Canis Lupus chanco) 8	Grey Wolf (Canis Lupus chanco)	wild	34965148500	24791	PAIRED	ILLUMINA	Illumina HiSeq 2000
SRR2017905	SAMN03653000	Grey Wolf (Canis Lupus chanco) 7	Grey Wolf (Canis Lupus chanco)	wild	28421839980	20481	PAIRED	ILLUMINA	Illumina HiSeq 2000
SRR2095362	SAMN03801694	Grey Wolf 8	Grey Wolf	wild	54361290420	19041	PAIRED	ILLUMINA	Illumina Genome Analyzer IIx
SRR2149862	SAMN03366709	Dingo	Dingo	wild	37962199350	30827	PAIRED	ABI_SOLID	AB SOLiD 4 System
SRR2149863	SAMN03366709	Dingo	Dingo	wild	9322898700	8241	SINGLE	ABI_SOLID	AB SOLiD 4 System
SRR2149864	SAMN03366709	Dingo	Dingo	wild	12355192425	10578	SINGLE	ABI_SOLID	AB SOLiD 4 System
SRR2149865	SAMN03366709	Dingo	Dingo	wild	12771377175	10274	SINGLE	ABI_SOLID	AB SOLiD 4 System
SRR2149866	SAMN03366709	Dingo	Dingo	wild	10604001450	8851	SINGLE	ABI_SOLID	AB SOLiD 4 System
SRR2149868	SAMN03366710	Grey Wolf 7	Grey Wolf	wild	15939221200	8285	SINGLE	ABI_SOLID	AB SOLiD 4 System
SRR2149869	SAMN03366710	Grey Wolf 7	Grey Wolf	wild	47265249300	26084	PAIRED	ABI_SOLID	AB SOLiD 4 System
SRR2149870	SAMN03366710	Grey Wolf 7	Grey Wolf	wild	17788138988	10829	PAIRED	ILLUMINA	Illumina HiSeq 2000
SRR2149867	SAMN03366709	Dingo	Dingo	wild	17108313000	9914	PAIRED	ILLUMINA	Illumina HiSeq 2000
SRR2149871	SAMN03366712	Grey Wolf 6	Grey Wolf	wild	50711388200	30425	PAIRED	ABI_SOLID	AB SOLiD 4 System
SRR2149874	SAMN03366713	Golden Jackal	Golden Jackal	wild	12718051400	7331	SINGLE	ABI_SOLID	AB SOLiD 4 System
SRR2149875	SAMN03366713	Golden Jackal	Golden Jackal	wild	20579899900	10929	SINGLE	ABI_SOLID	AB SOLiD 4 System
SRR2149876	SAMN03366713	Golden Jackal	Golden Jackal	wild	55441392100	33196	PAIRED	ABI_SOLID	AB SOLiD 4 System
SRR2149872	SAMN03366712	Grey Wolf 6	Grey Wolf	wild	22933430950	13326	SINGLE	ABI_SOLID	AB SOLiD 4 System
SRR2149873	SAMN03366712	Grey Wolf 6	Grey Wolf	wild	23476643212	14438	PAIRED	ILLUMINA	Illumina HiSeq 2000
SRR2149877	SAMN03366713	Golden Jackal	Golden Jackal	wild	46343425200	23590	PAIRED	ABI_SOLID	AB SOLiD 4 System
SRR2149878	SAMN03366713	Golden Jackal	Golden Jackal	wild	14064657200	7896	PAIRED	ILLUMINA	Illumina HiSeq 2000
SRR2149879	SAMN03366711	Grey Wolf 5	Grey Wolf	wild	34053286400	22399	PAIRED	ILLUMINA	Illumina HiSeq 2000
SRR2149880	SAMN03366711	Grey Wolf 5	Grey Wolf	wild	26256296400	16091	PAIRED	ILLUMINA	Illumina HiSeq 2000
SRR2149881	SAMN03366711	Grey Wolf 5	Grey Wolf	wild	9095281800	6077	PAIRED	ILLUMINA	Illumina HiSeq 2000
SRR2827600	SAMN03168394	Grey Wolf 20	Grey Wolf	wild	41926644194	30112	PAIRED	ILLUMINA	Illumina HiSeq 2000
SRR2827601	SAMN03168397	Grey Wolf 21	Grey Wolf	wild	39118020408	27768	PAIRED	ILLUMINA	Illumina HiSeq 2000
SRR2827608	SAMN03168398	Grey Wolf 24	Grey Wolf	wild	35020752000	24966	PAIRED	ILLUMINA	Illumina HiSeq 2000
SRR2827602	SAMN03168399	Grey Wolf 22	Grey Wolf	wild	46497695408	32667	PAIRED	ILLUMINA	Illumina HiSeq 2000
SRR2827603	SAMN03168396	Grey Wolf 23	Grey Wolf	wild	43414318514	31156	PAIRED	ILLUMINA	Illumina HiSeq 2000
SRR2827609	SAMN03168398	Grey Wolf 24	Grey Wolf	wild	41339480800	28224	PAIRED	ILLUMINA	Illumina HiSeq 2000
SRR2827610	SAMN03168400	Grey Wolf 25	Grey Wolf	wild	25586451000	18142	PAIRED	ILLUMINA	Illumina HiSeq 2000
SRR2827611	SAMN03168400	Grey Wolf 25	Grey Wolf	wild	31454684400	21392	PAIRED	ILLUMINA	Illumina HiSeq 2000
SRR2827612	SAMN03168393	Grey Wolf 26	Grey Wolf	wild	24088850400	13019	PAIRED	ILLUMINA	Illumina HiSeq 2000
SRR2827613	SAMN03168393	Grey Wolf 26	Grey Wolf	wild	5628976734	3488	PAIRED	ILLUMINA	Illumina HiSeq 2000
SRR2827614	SAMN03168393	Grey Wolf 26	Grey Wolf	wild	6243985998	3935	PAIRED	ILLUMINA	Illumina HiSeq 2000
SRR2827615	SAMN03168395	Grey Wolf 27	Grey Wolf	wild	12827181564	7196	PAIRED	ILLUMINA	Illumina HiSeq 2000
SRR2827616	SAMN03168395	Grey Wolf 27	Grey Wolf	wild	8077505778	4914	PAIRED	ILLUMINA	Illumina HiSeq 2000
SRR2827617	SAMN03168395	Grey Wolf 27	Grey Wolf	wild	7071295098	4348	PAIRED	ILLUMINA	Illumina HiSeq 2000
SRR2827618	SAMN03168405	Dhole	Dhole	wild	13855262600	8255	PAIRED	ILLUMINA	Illumina HiSeq 2000
SRR2827619	SAMN03168405	Dhole	Dhole	wild	13902420800	8289	PAIRED	ILLUMINA	Illumina HiSeq 2000
SRR2827620	SAMN03168405	Dhole	Dhole	wild	13879182600	8161	PAIRED	ILLUMINA	Illumina HiSeq 2000
SRR2827621	SAMN03168405	Dhole	Dhole	wild	11371223000	6452	PAIRED	ILLUMINA	Illumina HiSeq 2000
SRR2827622	SAMN03168405	Dhole	Dhole	wild	11182836200	6313	PAIRED	ILLUMINA	Illumina HiSeq 2000
SRR2827623	SAMN03168405	Dhole	Dhole	wild	11410943000	6442	PAIRED	ILLUMINA	Illumina HiSeq 2000
SRR2827624	SAMN03168405	Dhole	Dhole	wild	11429173200	6439	PAIRED	ILLUMINA	Illumina HiSeq 2000
SRR2827625	SAMN03168405	Dhole	Dhole	wild	11428694200	6448	PAIRED	ILLUMINA	Illumina HiSeq 2000
SRR2827626	SAMN03168405	Dhole	Dhole	wild	11244034000	6355	PAIRED	ILLUMINA	Illumina HiSeq 2000
SRR3384065	SAMN04851104	Village Dog - Sub-Saharan Africa	Village Dog - Sub-Saharan Africa	village	20719755292	12104	PAIRED	ILLUMINA	Illumina HiSeq 2000
SRR3384063	SAMN04851103	Village Dog - China 40	Village Dog - China	village	13753634220	7970	PAIRED	ILLUMINA	Illumina HiSeq 2000
SRR3384064	SAMN04851103	Village Dog - China 40	Village Dog - China	village	13753634220	7970	PAIRED	ILLUMINA	Illumina HiSeq 2000
SRR3384031	SAMN04851101	Village Dog - Portugal 1	Village Dog - Portugal	village	18955643216	11817	PAIRED	ILLUMINA	Illumina HiSeq 2000
SRR3384032	SAMN04851101	Village Dog - Portugal 1	Village Dog - Portugal	village	18290915776	10125	PAIRED	ILLUMINA	Illumina HiSeq 2000
SRR2835674	SAMN04209256	Wolf 8	Wolf	wild	40828864800	25745	PAIRED	ILLUMINA	Illumina HiSeq 2000
SRR3384029	SAMN04851099	Iberian Wolf (Canis lupus signatus)	Iberian Wolf (Canis lupus signatus)	wild	54288249000	33854	PAIRED	ILLUMINA	Illumina HiSeq 2500
SRR3384030	SAMN04851099	Iberian Wolf (Canis lupus signatus)	Iberian Wolf (Canis lupus signatus)	wild	39864898162	25403	PAIRED	ILLUMINA	Illumina HiSeq 2500
SRR3574870	SAMN02921301	Coyote 1	Coyote	wild	18613753180	10837	PAIRED	ILLUMINA	Illumina HiSeq 1500
SRR3574640	SAMN02921310	Grey Wolf 9	Grey Wolf	wild	20282150400	11435	PAIRED	ILLUMINA	Illumina HiSeq 1500
SRR3574809	SAMN02921311	Grey Wolf 10	Grey Wolf	wild	21389343478	13119	PAIRED	ILLUMINA	Illumina HiSeq 1500
SRR3574816	SAMN02921311	Grey Wolf 10	Grey Wolf	wild	21909773248	13233	PAIRED	ILLUMINA	Illumina HiSeq 1500
SRR3574846	SAMN02921316	Grey Wolf 15	Grey Wolf	wild	16725229560	9494	PAIRED	ILLUMINA	Illumina HiSeq 1500
SRR3960582	SAMN05439956	Wolf 1	Wolf	wild	17257376716	10756	SINGLE	ILLUMINA	Illumina HiSeq 2000
SRR4275385	SAMN05791669	Wolf 2	Wolf	wild	15810961257	8282	SINGLE	ILLUMINA	Illumina HiSeq 2000
SRR4274944	SAMN05791668	Wolf 3	Wolf	wild	17337395391	9361	SINGLE	ILLUMINA	Illumina HiSeq 2000
SRR4191781	SAMN05736724	Wolf 4	Wolf	wild	14548075440	7678	SINGLE	ILLUMINA	Illumina HiSeq 2000
SRR5168995	SAMN06219539	Wolf 10	Wolf	wild	33447424500	12254	PAIRED	ILLUMINA	Illumina HiSeq 2000
SRR5168996	SAMN06219539	Wolf 10	Wolf	wild	38227888800	14177	PAIRED	ILLUMINA	Illumina HiSeq 2000
ERR1990020	SAMEA104091563	Wolf 5	Wolf	wild	68484713038	15775	PAIRED	ILLUMINA	Illumina HiSeq 3000
ERR1990021	SAMEA104091564	Wolf 6	Wolf	wild	56196786760	12926	PAIRED	ILLUMINA	Illumina HiSeq 3000
ERR1990022	SAMEA104091565	Wolf 7	Wolf	wild	65681633936	14731	PAIRED	ILLUMINA	Illumina HiSeq 3000
SRR5168998	SAMN06219538	Wolf 9	Wolf	wild	112155523500	42754	PAIRED	ILLUMINA	Illumina HiSeq 2000
SRR5168997	SAMN06219539	Wolf 10	Wolf	wild	35219745600	12864	PAIRED	ILLUMINA	Illumina HiSeq 2000
SRR7107645	SAMN01974486	Grey Wolf 1	Grey Wolf	wild	35380728798	15150	PAIRED	ILLUMINA	Illumina Genome Analyzer IIx
SRR7107540	SAMEA104091563	Wolf 5	Wolf	wild	65736823789	24523	PAIRED	ILLUMINA	Illumina HiSeq 3000
SRR7107541	SAMEA104091564	Wolf 6	Wolf	wild	53546652773	20693	PAIRED	ILLUMINA	Illumina HiSeq 3000
SRR7107542	SAMEA104091565	Wolf 7	Wolf	wild	62958433781	23395	PAIRED	ILLUMINA	Illumina HiSeq 3000
SRR7107562	SAMEA1521940	Village Dog - Aboriginal Camp Dog	Village Dog - Aboriginal Camp Dog	village	58299277800	23216	PAIRED	ILLUMINA	Illumina HiSeq 2000
SRR7107646	SAMN01974487	Grey Wolf 2	Grey Wolf	wild	26962455354	11015	PAIRED	ILLUMINA	Illumina Genome Analyzer IIx
SRR7107647	SAMN01974488	Grey Wolf 3	Grey Wolf	wild	42605381662	17412	PAIRED	ILLUMINA	Illumina Genome Analyzer IIx
SRR7107648	SAMN01974489	Grey Wolf 4	Grey Wolf	wild	27066043788	13401	PAIRED	ILLUMINA	Illumina Genome Analyzer IIx
SRR7107649	SAMN01974490	Village Dog - China 2	Village Dog - China	village	69788015046	11728	PAIRED	ILLUMINA	Illumina Genome Analyzer IIx
SRR7107650	SAMN01974491	Village Dog - China 3	Village Dog - China	village	56389798926	21574	PAIRED	ILLUMINA	Illumina Genome Analyzer IIx
SRR7107662	SAMN02485568	Village Dog - China 5	Village Dog - China	village	19646886080	9082	PAIRED	ILLUMINA	Illumina HiSeq 2000
SRR7107663	SAMN02485569	Village Dog - China 6	Village Dog - China	village	21179698060	9121	PAIRED	ILLUMINA	Illumina HiSeq 2000
SRR7107664	SAMN02485570	Village Dog - China 7	Village Dog - China	village	20751830320	9846	PAIRED	ILLUMINA	Illumina HiSeq 2000
SRR7107665	SAMN02485571	Village Dog - China 8	Village Dog - China	village	19724579240	9666	PAIRED	ILLUMINA	Illumina HiSeq 2000
SRR7107651	SAMN01974492	Village Dog - China 4	Village Dog - China	village	30493920754	12069	PAIRED	ILLUMINA	Illumina Genome Analyzer IIx
SRR7107666	SAMN02485572	Village Dog - China 42	Village Dog - China	village	21056628120	9882	PAIRED	ILLUMINA	Illumina HiSeq 2000
SRR7107669	SAMN02485575	Village Dog - China 41	Village Dog - China	village	19157143120	8765	PAIRED	ILLUMINA	Illumina HiSeq 2000
SRR7107670	SAMN02485576	Village Dog - China 9	Village Dog - China	village	20956821600	9753	PAIRED	ILLUMINA	Illumina HiSeq 2000
SRR7107675	SAMN02485581	Village Dog - China 1	Village Dog - China	village	20205828800	9578	PAIRED	ILLUMINA	Illumina HiSeq 2000
SRR7107676	SAMN02485582	Village Dog - Egypt 1	Village Dog - Egypt	village	21086998766	9370	PAIRED	ILLUMINA	Illumina HiSeq 2000
SRR7107677	SAMN02485583	Village Dog - Egypt 2	Village Dog - Egypt	village	18276268554	6915	PAIRED	ILLUMINA	Illumina HiSeq 2000
SRR7107680	SAMN02485586	Village Dog - India 1	Village Dog - India	village	34286439454	13353	PAIRED	ILLUMINA	Illumina HiSeq 2000
SRR7107681	SAMN02485587	Village Dog - India 2	Village Dog - India	village	18890725082	6963	PAIRED	ILLUMINA	Illumina HiSeq 2000
SRR7107682	SAMN02485588	Village Dog - India 3	Village Dog - India	village	26878601972	10378	PAIRED	ILLUMINA	Illumina HiSeq 2000
SRR7107684	SAMN02485590	Village Dog - India 4	Village Dog - India	village	35284259121	13706	PAIRED	ILLUMINA	Illumina HiSeq 2000
SRR7107685	SAMN02485591	Village Dog - India 5	Village Dog - India	village	19850799570	6950	PAIRED	ILLUMINA	Illumina HiSeq 2000
SRR7107686	SAMN02485592	Village Dog - Borneo 1	Village Dog - Borneo	village	17784127268	8279	PAIRED	ILLUMINA	Illumina HiSeq 2000
SRR7107687	SAMN02485593	Village Dog - Borneo 2	Village Dog - Borneo	village	20972522134	9938	PAIRED	ILLUMINA	Illumina HiSeq 2000
SRR7107688	SAMN02485594	Village Dog - Borneo 3	Village Dog - Borneo	village	14895439600	5695	PAIRED	ILLUMINA	Illumina HiSeq 2000
SRR7107689	SAMN02485595	Village Dog - Lebanon 1	Village Dog - Lebanon	village	21554930958	8455	PAIRED	ILLUMINA	Illumina HiSeq 2000
SRR7107690	SAMN02485596	Village Dog - Lebanon 2	Village Dog - Lebanon	village	22739513700	9181	PAIRED	ILLUMINA	Illumina HiSeq 2000
SRR7107691	SAMN02485597	Village Dog - Lebanon 3	Village Dog - Lebanon	village	23642357346	10443	PAIRED	ILLUMINA	Illumina HiSeq 2000
SRR7107692	SAMN02485598	Village Dog - Namibia 1	Village Dog - Namibia	village	20352940664	7344	PAIRED	ILLUMINA	Illumina HiSeq 2000
SRR7107693	SAMN02485599	Village Dog - Namibia 2	Village Dog - Namibia	village	35717922935	14386	PAIRED	ILLUMINA	Illumina HiSeq 2000
SRR7107694	SAMN02485600	Village Dog - Namibia 3	Village Dog - Namibia	village	18126924500	7046	PAIRED	ILLUMINA	Illumina HiSeq 2000
SRR7107695	SAMN02485601	Village Dog - Papua New Guinea 1	Village Dog - Papua New Guinea	village	20730365948	7383	PAIRED	ILLUMINA	Illumina HiSeq 2000
SRR7107696	SAMN02485602	Village Dog - Papua New Guinea 2	Village Dog - Papua New Guinea	village	15593380759	6154	PAIRED	ILLUMINA	Illumina HiSeq 2000
SRR7107697	SAMN02485603	Village Dog - Papua New Guinea 3	Village Dog - Papua New Guinea	village	37259034432	16377	PAIRED	ILLUMINA	Illumina HiSeq 2000
SRR7107698	SAMN02485604	Village Dog - Portugal 2	Village Dog - Portugal	village	43680674122	16602	PAIRED	ILLUMINA	Illumina HiSeq 2000
SRR7107699	SAMN02485605	Village Dog - Portugal 3	Village Dog - Portugal	village	36972698589	14656	PAIRED	ILLUMINA	Illumina HiSeq 2000
SRR7107700	SAMN02485606	Village Dog - Qatar 1	Village Dog - Qatar	village	32375462130	13659	PAIRED	ILLUMINA	Illumina HiSeq 2000
SRR7107701	SAMN02485607	Village Dog - Qatar 2	Village Dog - Qatar	village	16172058188	7342	PAIRED	ILLUMINA	Illumina HiSeq 2000
SRR7107702	SAMN02485608	Village Dog - Taiwan	Village Dog - Taiwan	village	39206649469	18271	PAIRED	ILLUMINA	Illumina HiSeq 2000
SRR7107703	SAMN02485609	Village Dog - Vietnam 1	Village Dog - Vietnam	village	25231208546	10032	PAIRED	ILLUMINA	Illumina HiSeq 2000
SRR7107704	SAMN02485610	Village Dog - Vietnam 2	Village Dog - Vietnam	village	19546455516	8142	PAIRED	ILLUMINA	Illumina HiSeq 2000
SRR7107709	SAMN02487034	Andean Fox	Andean Fox	wild	18162908982	7907	PAIRED	ILLUMINA	Illumina HiSeq 2000
SRR7107705	SAMN02485611	Village Dog - Vietnam 3	Village Dog - Vietnam	village	26041429132	10584	PAIRED	ILLUMINA	Illumina HiSeq 2000
SRR7107706	SAMN02485612	Village Dog - Vietnam 4	Village Dog - Vietnam	village	23717165622	8466	PAIRED	ILLUMINA	Illumina HiSeq 2000
SRR7107707	SAMN02485613	Village Dog - Vietnam 5	Village Dog - Vietnam	village	23417467110	9185	PAIRED	ILLUMINA	Illumina HiSeq 2000
SRR7107708	SAMN02485614	Village Dog - Vietnam 6	Village Dog - Vietnam	village	15703360618	5757	PAIRED	ILLUMINA	Illumina HiSeq 2000
SRR7107720	SAMN02585161	Village Dog - China 30	Village Dog - China	village	40517716000	15022	PAIRED	ILLUMINA	Illumina HiSeq 2000
SRR7107721	SAMN02585162	Village Dog - China 31	Village Dog - China	village	42040639800	15614	PAIRED	ILLUMINA	Illumina HiSeq 2000
SRR7107722	SAMN02585163	Village Dog - China 32	Village Dog - China	village	36823309600	14178	PAIRED	ILLUMINA	Illumina HiSeq 2000
SRR7107723	SAMN02585164	Village Dog - China 33	Village Dog - China	village	38398092800	15498	PAIRED	ILLUMINA	Illumina HiSeq 2000
SRR7107724	SAMN02585165	Village Dog - China 34	Village Dog - China	village	40216380400	14843	PAIRED	ILLUMINA	Illumina HiSeq 2000
SRR7107725	SAMN02585166	Village Dog - China 35	Village Dog - China	village	33668322600	12389	PAIRED	ILLUMINA	Illumina HiSeq 2000
SRR7107726	SAMN02585167	Village Dog - China 36	Village Dog - China	village	41329108400	16019	PAIRED	ILLUMINA	Illumina HiSeq 2000
SRR7107727	SAMN02585168	Village Dog - China 37	Village Dog - China	village	32266464800	12070	PAIRED	ILLUMINA	Illumina HiSeq 2000
SRR7107728	SAMN02585169	Village Dog - China 38	Village Dog - China	village	36394335960	14084	PAIRED	ILLUMINA	Illumina HiSeq 2000
SRR7107729	SAMN02585170	Village Dog - China 39	Village Dog - China	village	39894241400	14711	PAIRED	ILLUMINA	Illumina HiSeq 2000
SRR7107730	SAMN02585171	Village Dog - China 20	Village Dog - China	village	40639377800	14548	PAIRED	ILLUMINA	Illumina HiSeq 2000
SRR7107731	SAMN02585172	Village Dog - China 21	Village Dog - China	village	40563188800	14797	PAIRED	ILLUMINA	Illumina HiSeq 2000
SRR7107732	SAMN02585173	Village Dog - China 22	Village Dog - China	village	38741152400	14107	PAIRED	ILLUMINA	Illumina HiSeq 2000
SRR7107733	SAMN02585174	Village Dog - China 23	Village Dog - China	village	34800761400	12495	PAIRED	ILLUMINA	Illumina HiSeq 2000
SRR7107734	SAMN02585175	Village Dog - China 24	Village Dog - China	village	37099352200	14341	PAIRED	ILLUMINA	Illumina HiSeq 2000
SRR7107735	SAMN02585176	Village Dog - China 25	Village Dog - China	village	38339988200	14670	PAIRED	ILLUMINA	Illumina HiSeq 2000
SRR7107736	SAMN02585177	Village Dog - China 26	Village Dog - China	village	32800504800	11710	PAIRED	ILLUMINA	Illumina HiSeq 2000
SRR7107737	SAMN02585178	Village Dog - China 27	Village Dog - China	village	38961090200	14668	PAIRED	ILLUMINA	Illumina HiSeq 2000
SRR7107738	SAMN02585179	Village Dog - China 28	Village Dog - China	village	38946382000	14485	PAIRED	ILLUMINA	Illumina HiSeq 2000
SRR7107739	SAMN02585180	Village Dog - China 29	Village Dog - China	village	37392267000	13526	PAIRED	ILLUMINA	Illumina HiSeq 2000
SRR7107740	SAMN02585181	Village Dog - China 10	Village Dog - China	village	40908650000	15365	PAIRED	ILLUMINA	Illumina HiSeq 2000
SRR7107741	SAMN02585182	Village Dog - China 11	Village Dog - China	village	36536485600	15210	PAIRED	ILLUMINA	Illumina HiSeq 2000
SRR7107742	SAMN02585183	Village Dog - China 12	Village Dog - China	village	35759371600	14976	PAIRED	ILLUMINA	Illumina HiSeq 2000
SRR7107743	SAMN02585184	Village Dog - China 13	Village Dog - China	village	36307499800	15494	PAIRED	ILLUMINA	Illumina HiSeq 2000
SRR7107744	SAMN02585185	Village Dog - China 14	Village Dog - China	village	35014500800	14942	PAIRED	ILLUMINA	Illumina HiSeq 2000
SRR7107745	SAMN02585186	Village Dog - China 15	Village Dog - China	village	38076626000	15394	PAIRED	ILLUMINA	Illumina HiSeq 2000
SRR7107746	SAMN02585187	Village Dog - China 16	Village Dog - China	village	36939602800	15560	PAIRED	ILLUMINA	Illumina HiSeq 2000
SRR7107747	SAMN02585188	Village Dog - China 17	Village Dog - China	village	37808435200	15639	PAIRED	ILLUMINA	Illumina HiSeq 2000
SRR7107748	SAMN02585189	Village Dog - China 18	Village Dog - China	village	37780045600	15311	PAIRED	ILLUMINA	Illumina HiSeq 2000
SRR7107749	SAMN02585190	Village Dog - China 19	Village Dog - China	village	39442649200	16031	PAIRED	ILLUMINA	Illumina HiSeq 2000
SRR7107771	SAMN02921302	Coyote 2	Coyote	wild	18559196600	7552	PAIRED	ILLUMINA	Illumina HiSeq 1000
SRR7107770	SAMN02921301	Coyote 1	Coyote	wild	64836863000	26733	PAIRED	ILLUMINA	Illumina HiSeq 1500
SRR7107776	SAMN02921310	Grey Wolf 9	Grey Wolf	wild	64671042200	25568	PAIRED	ILLUMINA	Illumina HiSeq 1500
SRR7107777	SAMN02921311	Grey Wolf 10	Grey Wolf	wild	66169671600	27132	PAIRED	ILLUMINA	Illumina HiSeq 1500
SRR7107772	SAMN02921303	Coyote 3	Coyote	wild	21981677200	8977	PAIRED	ILLUMINA	Illumina HiSeq 1000
SRR7107778	SAMN02921312	Grey Wolf 11	Grey Wolf	wild	72748032000	29244	PAIRED	ILLUMINA	Illumina HiSeq 1000
SRR7107779	SAMN02921313	Grey Wolf 12	Grey Wolf	wild	19330118160	8479	PAIRED	ILLUMINA	Illumina HiSeq 1000
SRR7107780	SAMN02921314	Grey Wolf 13	Grey Wolf	wild	61872027200	25389	PAIRED	ILLUMINA	Illumina HiSeq 1000
SRR7107781	SAMN02921315	Grey Wolf 14	Grey Wolf	wild	18031674120	8268	PAIRED	ILLUMINA	Illumina HiSeq 1000
SRR7107782	SAMN02921316	Grey Wolf 15	Grey Wolf	wild	68671983600	28123	PAIRED	ILLUMINA	Illumina HiSeq 1500
SRR7107783	SAMN02921317	Red Wolf 1	Red Wolf	wild	69847600600	28047	PAIRED	ILLUMINA	Illumina HiSeq 1000
SRR7107784	SAMN02921318	Red Wolf 2	Red Wolf	wild	19659354910	8028	PAIRED	ILLUMINA	Illumina HiSeq 1000
SRR7107785	SAMN02921319	Grey Wolf 16	Grey Wolf	wild	69682537000	28555	PAIRED	ILLUMINA	Illumina HiSeq 1000
SRR7107786	SAMN02921320	Grey Wolf 17	Grey Wolf	wild	68071487600	28271	PAIRED	ILLUMINA	Illumina HiSeq 1000
SRR7107787	SAMN02921321	Grey Wolf 18	Grey Wolf	wild	63157711400	25830	PAIRED	ILLUMINA	Illumina HiSeq 1000
SRR7107846	SAMN03168394	Grey Wolf 20	Grey Wolf	wild	41926644194	19742	PAIRED	ILLUMINA	Illumina HiSeq 2000
SRR7107845	SAMN03168393	Grey Wolf 26	Grey Wolf	wild	35961813132	17025	PAIRED	ILLUMINA	Illumina HiSeq 2000
SRR7107847	SAMN03168395	Grey Wolf 27	Grey Wolf	wild	27975982440	13690	PAIRED	ILLUMINA	Illumina HiSeq 2000
SRR7107848	SAMN03168396	Grey Wolf 23	Grey Wolf	wild	43414318514	19192	PAIRED	ILLUMINA	Illumina HiSeq 2000
SRR7107788	SAMN02921322	Grey Wolf 19	Grey Wolf	wild	21494702660	10410	PAIRED	ILLUMINA	Illumina HiSeq 1000
SRR7107849	SAMN03168397	Grey Wolf 21	Grey Wolf	wild	39118020408	19340	PAIRED	ILLUMINA	Illumina HiSeq 2000
SRR7107850	SAMN03168398	Grey Wolf 24	Grey Wolf	wild	76360232800	33733	PAIRED	ILLUMINA	Illumina HiSeq 2000
SRR7107851	SAMN03168399	Grey Wolf 22	Grey Wolf	wild	46497695408	19840	PAIRED	ILLUMINA	Illumina HiSeq 2000
SRR7107852	SAMN03168400	Grey Wolf 25	Grey Wolf	wild	57041135400	30812	PAIRED	ILLUMINA	Illumina HiSeq 2000
SRR7107853	SAMN03168405	Dhole	Dhole	wild	109703769600	42021	PAIRED	ILLUMINA	Illumina HiSeq 2000
SRR7107873	SAMN03366713	Golden Jackal	Golden Jackal	wild	14064657200	4761	PAIRED	ILLUMINA	Illumina HiSeq 2000
SRR7107871	SAMN03366711	Grey Wolf 5	Grey Wolf	wild	69404864600	26314	PAIRED	ILLUMINA	Illumina HiSeq 2000
SRR7107870	SAMN03366710	Grey Wolf 7	Grey Wolf	wild	17788138988	6666	PAIRED	ILLUMINA	Illumina HiSeq 2000
SRR7107869	SAMN03366709	Dingo	Dingo	wild	17108313000	6421	PAIRED	ILLUMINA	Illumina HiSeq 2000
SRR7107872	SAMN03366712	Grey Wolf 6	Grey Wolf	wild	23476643212	9348	PAIRED	ILLUMINA	Illumina HiSeq 2000
SRR7107907	SAMN03652998	Grey Wolf (Canis Lupus chanco) 3	Grey Wolf (Canis Lupus chanco)	wild	68343459480	26156	PAIRED	ILLUMINA	Illumina HiSeq 2000
SRR7107910	SAMN03653001	Grey Wolf (Canis Lupus chanco) 4	Grey Wolf (Canis Lupus chanco)	wild	68692324140	26116	PAIRED	ILLUMINA	Illumina HiSeq 2000
SRR7107908	SAMN03652999	Grey Wolf (Canis Lupus chanco) 6	Grey Wolf (Canis Lupus chanco)	wild	68515252740	26808	PAIRED	ILLUMINA	Illumina HiSeq 2000
SRR7107909	SAMN03653000	Grey Wolf (Canis Lupus chanco) 7	Grey Wolf (Canis Lupus chanco)	wild	61794775980	24913	PAIRED	ILLUMINA	Illumina HiSeq 2000
SRR7107906	SAMN03652997	Grey Wolf (Canis Lupus chanco) 1	Grey Wolf (Canis Lupus chanco)	wild	68050396800	26174	PAIRED	ILLUMINA	Illumina HiSeq 2000
SRR7107912	SAMN03653003	Grey Wolf (Canis Lupus chanco) 2	Grey Wolf (Canis Lupus chanco)	wild	67537056240	27380	PAIRED	ILLUMINA	Illumina HiSeq 2000
SRR7107913	SAMN03653004	Grey Wolf (Canis Lupus chanco) 5	Grey Wolf (Canis Lupus chanco)	wild	64710959940	26771	PAIRED	ILLUMINA	Illumina HiSeq 2000
SRR7107911	SAMN03653002	Grey Wolf (Canis Lupus chanco) 8	Grey Wolf (Canis Lupus chanco)	wild	68215076280	26647	PAIRED	ILLUMINA	Illumina HiSeq 2000
SRR7107942	SAMN04851099	Iberian Wolf (Canis lupus signatus)	Iberian Wolf (Canis lupus signatus)	wild	94153147162	36349	PAIRED	ILLUMINA	Illumina HiSeq 2500
SRR7107938	SAMN04209256	Wolf 8	Wolf	wild	40828864800	15820	PAIRED	ILLUMINA	Illumina HiSeq 2000
SRR7107945	SAMN04851104	Village Dog - Sub-Saharan Africa	Village Dog - Sub-Saharan Africa	village	20719755292	7949	PAIRED	ILLUMINA	Illumina HiSeq 2000
SRR7107953	SAMN05439956	Wolf 1	Wolf	wild	17257376716	5963	SINGLE	ILLUMINA	Illumina HiSeq 2000
SRR7107944	SAMN04851103	Village Dog - China 40	Village Dog - China	village	27507268440	7001	PAIRED	ILLUMINA	Illumina HiSeq 2000
SRR7107943	SAMN04851101	Village Dog - Portugal 1	Village Dog - Portugal	village	37246558992	14979	PAIRED	ILLUMINA	Illumina HiSeq 2000
SRR7107954	SAMN05736724	Wolf 4	Wolf	wild	14548075440	5572	SINGLE	ILLUMINA	Illumina HiSeq 2000
SRR7107957	SAMN05791669	Wolf 2	Wolf	wild	15810961257	6464	SINGLE	ILLUMINA	Illumina HiSeq 2000
SRR7107956	SAMN05791668	Wolf 3	Wolf	wild	17337395391	5922	PAIRED	ILLUMINA	Illumina HiSeq 2000
SRR7107987	SAMN06219538	Wolf 9	Wolf	wild	112155523500	40896	PAIRED	ILLUMINA	Illumina HiSeq 2000
SRR7107988	SAMN06219539	Wolf 10	Wolf	wild	106895058900	41793	PAIRED	ILLUMINA	Illumina HiSeq 2000
SRR7352837	SAMN04851099	Iberian Wolf (Canis lupus signatus)	Iberian Wolf (Canis lupus signatus)	wild	168760900	103	PAIRED	ILLUMINA	Illumina HiSeq 2000
SRR7352832	SAMN04851099	Iberian Wolf (Canis lupus signatus)	Iberian Wolf (Canis lupus signatus)	wild	209652366	128	PAIRED	ILLUMINA	Illumina HiSeq 2000
SRR7352833	SAMN04851099	Iberian Wolf (Canis lupus signatus)	Iberian Wolf (Canis lupus signatus)	wild	2679821688	1596	PAIRED	ILLUMINA	Illumina HiSeq 2000
SRR7352834	SAMN04851099	Iberian Wolf (Canis lupus signatus)	Iberian Wolf (Canis lupus signatus)	wild	547726636	332	PAIRED	ILLUMINA	Illumina HiSeq 2000
SRR7352835	SAMN04851099	Iberian Wolf (Canis lupus signatus)	Iberian Wolf (Canis lupus signatus)	wild	83546796	50	PAIRED	ILLUMINA	Illumina HiSeq 2000
SRR7352836	SAMN04851099	Iberian Wolf (Canis lupus signatus)	Iberian Wolf (Canis lupus signatus)	wild	1627858612	982	PAIRED	ILLUMINA	Illumina HiSeq 2000
SRR7352827	SAMN04851099	Iberian Wolf (Canis lupus signatus)	Iberian Wolf (Canis lupus signatus)	wild	586403576	352	PAIRED	ILLUMINA	Illumina HiSeq 2000
SRR7352828	SAMN04851099	Iberian Wolf (Canis lupus signatus)	Iberian Wolf (Canis lupus signatus)	wild	464802	0	PAIRED	ILLUMINA	Illumina HiSeq 2000
SRR7352829	SAMN04851099	Iberian Wolf (Canis lupus signatus)	Iberian Wolf (Canis lupus signatus)	wild	77419530	47	PAIRED	ILLUMINA	Illumina HiSeq 2000
SRR7352830	SAMN04851099	Iberian Wolf (Canis lupus signatus)	Iberian Wolf (Canis lupus signatus)	wild	1200386616	723	PAIRED	ILLUMINA	Illumina HiSeq 2000
SRR7352831	SAMN04851099	Iberian Wolf (Canis lupus signatus)	Iberian Wolf (Canis lupus signatus)	wild	367847252	221	PAIRED	ILLUMINA	Illumina HiSeq 2000
SRR7352822	SAMN04851099	Iberian Wolf (Canis lupus signatus)	Iberian Wolf (Canis lupus signatus)	wild	416068894	250	PAIRED	ILLUMINA	Illumina HiSeq 2000
SRR7352823	SAMN04851099	Iberian Wolf (Canis lupus signatus)	Iberian Wolf (Canis lupus signatus)	wild	4419899986	2659	PAIRED	ILLUMINA	Illumina HiSeq 2000
SRR7352824	SAMN04851099	Iberian Wolf (Canis lupus signatus)	Iberian Wolf (Canis lupus signatus)	wild	566049450	338	PAIRED	ILLUMINA	Illumina HiSeq 2000
SRR7352825	SAMN04851099	Iberian Wolf (Canis lupus signatus)	Iberian Wolf (Canis lupus signatus)	wild	386528616	231	PAIRED	ILLUMINA	Illumina HiSeq 2000
SRR7352826	SAMN04851099	Iberian Wolf (Canis lupus signatus)	Iberian Wolf (Canis lupus signatus)	wild	1030382406	608	PAIRED	ILLUMINA	Illumina HiSeq 2000
SRR7352817	SAMN04851099	Iberian Wolf (Canis lupus signatus)	Iberian Wolf (Canis lupus signatus)	wild	908358246	541	PAIRED	ILLUMINA	Illumina HiSeq 2000
SRR7352818	SAMN04851099	Iberian Wolf (Canis lupus signatus)	Iberian Wolf (Canis lupus signatus)	wild	5731750	3	PAIRED	ILLUMINA	Illumina HiSeq 2000
SRR7352819	SAMN04851099	Iberian Wolf (Canis lupus signatus)	Iberian Wolf (Canis lupus signatus)	wild	788043006	467	PAIRED	ILLUMINA	Illumina HiSeq 2000
SRR7352820	SAMN04851099	Iberian Wolf (Canis lupus signatus)	Iberian Wolf (Canis lupus signatus)	wild	577362460	345	PAIRED	ILLUMINA	Illumina HiSeq 2000
SRR7352821	SAMN04851099	Iberian Wolf (Canis lupus signatus)	Iberian Wolf (Canis lupus signatus)	wild	1146098510	680	PAIRED	ILLUMINA	Illumina HiSeq 2000
SRR7352812	SAMN04851099	Iberian Wolf (Canis lupus signatus)	Iberian Wolf (Canis lupus signatus)	wild	302937582	182	PAIRED	ILLUMINA	Illumina HiSeq 2000
SRR7352813	SAMN04851099	Iberian Wolf (Canis lupus signatus)	Iberian Wolf (Canis lupus signatus)	wild	115088490	69	PAIRED	ILLUMINA	Illumina HiSeq 2000
SRR7352814	SAMN04851099	Iberian Wolf (Canis lupus signatus)	Iberian Wolf (Canis lupus signatus)	wild	1184935636	717	PAIRED	ILLUMINA	Illumina HiSeq 2000
SRR7352815	SAMN04851099	Iberian Wolf (Canis lupus signatus)	Iberian Wolf (Canis lupus signatus)	wild	112791952	68	PAIRED	ILLUMINA	Illumina HiSeq 2000
SRR7352816	SAMN04851099	Iberian Wolf (Canis lupus signatus)	Iberian Wolf (Canis lupus signatus)	wild	431800452	259	PAIRED	ILLUMINA	Illumina HiSeq 2000
SRR7352807	SAMN04851099	Iberian Wolf (Canis lupus signatus)	Iberian Wolf (Canis lupus signatus)	wild	51807344	32	PAIRED	ILLUMINA	Illumina HiSeq 2000
SRR7352808	SAMN04851099	Iberian Wolf (Canis lupus signatus)	Iberian Wolf (Canis lupus signatus)	wild	426959522	259	PAIRED	ILLUMINA	Illumina HiSeq 2000
SRR7352809	SAMN04851099	Iberian Wolf (Canis lupus signatus)	Iberian Wolf (Canis lupus signatus)	wild	142409192	85	PAIRED	ILLUMINA	Illumina HiSeq 2000
SRR7352810	SAMN04851099	Iberian Wolf (Canis lupus signatus)	Iberian Wolf (Canis lupus signatus)	wild	273470024	164	PAIRED	ILLUMINA	Illumina HiSeq 2000
SRR7352811	SAMN04851099	Iberian Wolf (Canis lupus signatus)	Iberian Wolf (Canis lupus signatus)	wild	926798220	555	PAIRED	ILLUMINA	Illumina HiSeq 2000
SRR7352802	SAMN04851099	Iberian Wolf (Canis lupus signatus)	Iberian Wolf (Canis lupus signatus)	wild	1709489438	1024	PAIRED	ILLUMINA	Illumina HiSeq 2000
SRR7352803	SAMN04851099	Iberian Wolf (Canis lupus signatus)	Iberian Wolf (Canis lupus signatus)	wild	745683808	448	PAIRED	ILLUMINA	Illumina HiSeq 2000
SRR7352804	SAMN04851099	Iberian Wolf (Canis lupus signatus)	Iberian Wolf (Canis lupus signatus)	wild	264122272	159	PAIRED	ILLUMINA	Illumina HiSeq 2000
SRR7352805	SAMN04851099	Iberian Wolf (Canis lupus signatus)	Iberian Wolf (Canis lupus signatus)	wild	215921032	128	PAIRED	ILLUMINA	Illumina HiSeq 2000
SRR7352806	SAMN04851099	Iberian Wolf (Canis lupus signatus)	Iberian Wolf (Canis lupus signatus)	wild	663368	0	PAIRED	ILLUMINA	Illumina HiSeq 2000
SRR7352797	SAMN04851099	Iberian Wolf (Canis lupus signatus)	Iberian Wolf (Canis lupus signatus)	wild	439955394	263	PAIRED	ILLUMINA	Illumina HiSeq 2000
SRR7352798	SAMN04851099	Iberian Wolf (Canis lupus signatus)	Iberian Wolf (Canis lupus signatus)	wild	72693740	44	PAIRED	ILLUMINA	Illumina HiSeq 2000
SRR7352799	SAMN04851099	Iberian Wolf (Canis lupus signatus)	Iberian Wolf (Canis lupus signatus)	wild	838835502	504	PAIRED	ILLUMINA	Illumina HiSeq 2000
SRR7352800	SAMN04851099	Iberian Wolf (Canis lupus signatus)	Iberian Wolf (Canis lupus signatus)	wild	448898338	269	PAIRED	ILLUMINA	Illumina HiSeq 2000
SRR7352801	SAMN04851099	Iberian Wolf (Canis lupus signatus)	Iberian Wolf (Canis lupus signatus)	wild	540389390	325	PAIRED	ILLUMINA	Illumina HiSeq 2000
SRR7352792	SAMN04851099	Iberian Wolf (Canis lupus signatus)	Iberian Wolf (Canis lupus signatus)	wild	931220	0	PAIRED	ILLUMINA	Illumina HiSeq 2000
SRR7352793	SAMN04851099	Iberian Wolf (Canis lupus signatus)	Iberian Wolf (Canis lupus signatus)	wild	406724980	248	PAIRED	ILLUMINA	Illumina HiSeq 2000
SRR7352794	SAMN04851099	Iberian Wolf (Canis lupus signatus)	Iberian Wolf (Canis lupus signatus)	wild	177242476	108	PAIRED	ILLUMINA	Illumina HiSeq 2000
SRR7352795	SAMN04851099	Iberian Wolf (Canis lupus signatus)	Iberian Wolf (Canis lupus signatus)	wild	68867658	41	PAIRED	ILLUMINA	Illumina HiSeq 2000
SRR7352796	SAMN04851099	Iberian Wolf (Canis lupus signatus)	Iberian Wolf (Canis lupus signatus)	wild	1370642114	846	PAIRED	ILLUMINA	Illumina HiSeq 2000
SRR7352787	SAMN04851099	Iberian Wolf (Canis lupus signatus)	Iberian Wolf (Canis lupus signatus)	wild	2950515020	1755	PAIRED	ILLUMINA	Illumina HiSeq 2000
SRR7352788	SAMN04851099	Iberian Wolf (Canis lupus signatus)	Iberian Wolf (Canis lupus signatus)	wild	440655324	266	PAIRED	ILLUMINA	Illumina HiSeq 2000
SRR7352789	SAMN04851099	Iberian Wolf (Canis lupus signatus)	Iberian Wolf (Canis lupus signatus)	wild	53740484	32	PAIRED	ILLUMINA	Illumina HiSeq 2000
SRR7352790	SAMN04851099	Iberian Wolf (Canis lupus signatus)	Iberian Wolf (Canis lupus signatus)	wild	1476529706	894	PAIRED	ILLUMINA	Illumina HiSeq 2000
SRR7352791	SAMN04851099	Iberian Wolf (Canis lupus signatus)	Iberian Wolf (Canis lupus signatus)	wild	516209384	309	PAIRED	ILLUMINA	Illumina HiSeq 2000
SRR7352782	SAMN04851099	Iberian Wolf (Canis lupus signatus)	Iberian Wolf (Canis lupus signatus)	wild	791262078	475	PAIRED	ILLUMINA	Illumina HiSeq 2000
SRR7352783	SAMN04851099	Iberian Wolf (Canis lupus signatus)	Iberian Wolf (Canis lupus signatus)	wild	285225616	170	PAIRED	ILLUMINA	Illumina HiSeq 2000
SRR7352784	SAMN04851099	Iberian Wolf (Canis lupus signatus)	Iberian Wolf (Canis lupus signatus)	wild	1853493218	1136	PAIRED	ILLUMINA	Illumina HiSeq 2000
SRR7352785	SAMN04851099	Iberian Wolf (Canis lupus signatus)	Iberian Wolf (Canis lupus signatus)	wild	406717708	250	PAIRED	ILLUMINA	Illumina HiSeq 2000
SRR7352786	SAMN04851099	Iberian Wolf (Canis lupus signatus)	Iberian Wolf (Canis lupus signatus)	wild	31250410	18	PAIRED	ILLUMINA	Illumina HiSeq 2000
SRR7352777	SAMN04851099	Iberian Wolf (Canis lupus signatus)	Iberian Wolf (Canis lupus signatus)	wild	955056	0	PAIRED	ILLUMINA	Illumina HiSeq 2000
SRR7352778	SAMN04851099	Iberian Wolf (Canis lupus signatus)	Iberian Wolf (Canis lupus signatus)	wild	234002860	139	PAIRED	ILLUMINA	Illumina HiSeq 2000
SRR7352779	SAMN04851099	Iberian Wolf (Canis lupus signatus)	Iberian Wolf (Canis lupus signatus)	wild	503788	0	PAIRED	ILLUMINA	Illumina HiSeq 2000
SRR7352780	SAMN04851099	Iberian Wolf (Canis lupus signatus)	Iberian Wolf (Canis lupus signatus)	wild	419415024	251	PAIRED	ILLUMINA	Illumina HiSeq 2000
SRR7352781	SAMN04851099	Iberian Wolf (Canis lupus signatus)	Iberian Wolf (Canis lupus signatus)	wild	910916172	541	PAIRED	ILLUMINA	Illumina HiSeq 2000
SRR7352772	SAMN04851099	Iberian Wolf (Canis lupus signatus)	Iberian Wolf (Canis lupus signatus)	wild	550739264	335	PAIRED	ILLUMINA	Illumina HiSeq 2000
SRR7352773	SAMN04851099	Iberian Wolf (Canis lupus signatus)	Iberian Wolf (Canis lupus signatus)	wild	714430974	440	PAIRED	ILLUMINA	Illumina HiSeq 2000
SRR7352774	SAMN04851099	Iberian Wolf (Canis lupus signatus)	Iberian Wolf (Canis lupus signatus)	wild	1471509400	882	PAIRED	ILLUMINA	Illumina HiSeq 2000
SRR7352775	SAMN04851099	Iberian Wolf (Canis lupus signatus)	Iberian Wolf (Canis lupus signatus)	wild	301384	0	PAIRED	ILLUMINA	Illumina HiSeq 2000
SRR7352776	SAMN04851099	Iberian Wolf (Canis lupus signatus)	Iberian Wolf (Canis lupus signatus)	wild	385663854	232	PAIRED	ILLUMINA	Illumina HiSeq 2000
SRR7352767	SAMN04851099	Iberian Wolf (Canis lupus signatus)	Iberian Wolf (Canis lupus signatus)	wild	760889964	462	PAIRED	ILLUMINA	Illumina HiSeq 2000
SRR7352768	SAMN04851099	Iberian Wolf (Canis lupus signatus)	Iberian Wolf (Canis lupus signatus)	wild	3036602774	1804	PAIRED	ILLUMINA	Illumina HiSeq 2000
SRR7352769	SAMN04851099	Iberian Wolf (Canis lupus signatus)	Iberian Wolf (Canis lupus signatus)	wild	24189096	14	PAIRED	ILLUMINA	Illumina HiSeq 2000
SRR7352770	SAMN04851099	Iberian Wolf (Canis lupus signatus)	Iberian Wolf (Canis lupus signatus)	wild	542667142	321	PAIRED	ILLUMINA	Illumina HiSeq 2000
SRR7352771	SAMN04851099	Iberian Wolf (Canis lupus signatus)	Iberian Wolf (Canis lupus signatus)	wild	1373643026	826	PAIRED	ILLUMINA	Illumina HiSeq 2000
SRR7352762	SAMN04851099	Iberian Wolf (Canis lupus signatus)	Iberian Wolf (Canis lupus signatus)	wild	154527980	94	PAIRED	ILLUMINA	Illumina HiSeq 2000
SRR7352763	SAMN04851099	Iberian Wolf (Canis lupus signatus)	Iberian Wolf (Canis lupus signatus)	wild	521361394	319	PAIRED	ILLUMINA	Illumina HiSeq 2000
SRR7352764	SAMN04851099	Iberian Wolf (Canis lupus signatus)	Iberian Wolf (Canis lupus signatus)	wild	689373076	420	PAIRED	ILLUMINA	Illumina HiSeq 2000
SRR7352765	SAMN04851099	Iberian Wolf (Canis lupus signatus)	Iberian Wolf (Canis lupus signatus)	wild	897252892	545	PAIRED	ILLUMINA	Illumina HiSeq 2000
SRR7352766	SAMN04851099	Iberian Wolf (Canis lupus signatus)	Iberian Wolf (Canis lupus signatus)	wild	86798996	52	PAIRED	ILLUMINA	Illumina HiSeq 2000
SRR7352757	SAMN04851099	Iberian Wolf (Canis lupus signatus)	Iberian Wolf (Canis lupus signatus)	wild	480434578	287	PAIRED	ILLUMINA	Illumina HiSeq 2000
SRR7352758	SAMN04851099	Iberian Wolf (Canis lupus signatus)	Iberian Wolf (Canis lupus signatus)	wild	25762676	15	PAIRED	ILLUMINA	Illumina HiSeq 2000
SRR7352759	SAMN04851099	Iberian Wolf (Canis lupus signatus)	Iberian Wolf (Canis lupus signatus)	wild	610008488	367	PAIRED	ILLUMINA	Illumina HiSeq 2000
SRR7352760	SAMN04851099	Iberian Wolf (Canis lupus signatus)	Iberian Wolf (Canis lupus signatus)	wild	209539246	127	PAIRED	ILLUMINA	Illumina HiSeq 2000
SRR7352761	SAMN04851099	Iberian Wolf (Canis lupus signatus)	Iberian Wolf (Canis lupus signatus)	wild	14923154	9	PAIRED	ILLUMINA	Illumina HiSeq 2000
SRR7352752	SAMN04851099	Iberian Wolf (Canis lupus signatus)	Iberian Wolf (Canis lupus signatus)	wild	287270260	172	PAIRED	ILLUMINA	Illumina HiSeq 2000
SRR7352753	SAMN04851099	Iberian Wolf (Canis lupus signatus)	Iberian Wolf (Canis lupus signatus)	wild	124031434	75	PAIRED	ILLUMINA	Illumina HiSeq 2000
SRR7352754	SAMN04851099	Iberian Wolf (Canis lupus signatus)	Iberian Wolf (Canis lupus signatus)	wild	721427244	429	PAIRED	ILLUMINA	Illumina HiSeq 2000
SRR7352755	SAMN04851099	Iberian Wolf (Canis lupus signatus)	Iberian Wolf (Canis lupus signatus)	wild	111289072	67	PAIRED	ILLUMINA	Illumina HiSeq 2000
SRR7352756	SAMN04851099	Iberian Wolf (Canis lupus signatus)	Iberian Wolf (Canis lupus signatus)	wild	99586	0	PAIRED	ILLUMINA	Illumina HiSeq 2000
SRR7352747	SAMN04851099	Iberian Wolf (Canis lupus signatus)	Iberian Wolf (Canis lupus signatus)	wild	1093617092	666	PAIRED	ILLUMINA	Illumina HiSeq 2000
SRR7352748	SAMN04851099	Iberian Wolf (Canis lupus signatus)	Iberian Wolf (Canis lupus signatus)	wild	272680204	163	PAIRED	ILLUMINA	Illumina HiSeq 2000
SRR7352749	SAMN04851099	Iberian Wolf (Canis lupus signatus)	Iberian Wolf (Canis lupus signatus)	wild	405004748	243	PAIRED	ILLUMINA	Illumina HiSeq 2000
SRR7352750	SAMN04851099	Iberian Wolf (Canis lupus signatus)	Iberian Wolf (Canis lupus signatus)	wild	845448578	518	PAIRED	ILLUMINA	Illumina HiSeq 2000
SRR7352751	SAMN04851099	Iberian Wolf (Canis lupus signatus)	Iberian Wolf (Canis lupus signatus)	wild	563985616	336	PAIRED	ILLUMINA	Illumina HiSeq 2000
SRR7352742	SAMN04851099	Iberian Wolf (Canis lupus signatus)	Iberian Wolf (Canis lupus signatus)	wild	444910454	268	PAIRED	ILLUMINA	Illumina HiSeq 2000
SRR7352743	SAMN04851099	Iberian Wolf (Canis lupus signatus)	Iberian Wolf (Canis lupus signatus)	wild	78407714	47	PAIRED	ILLUMINA	Illumina HiSeq 2000
SRR7352744	SAMN04851099	Iberian Wolf (Canis lupus signatus)	Iberian Wolf (Canis lupus signatus)	wild	1341695110	802	PAIRED	ILLUMINA	Illumina HiSeq 2000
SRR7352745	SAMN04851099	Iberian Wolf (Canis lupus signatus)	Iberian Wolf (Canis lupus signatus)	wild	272958964	162	PAIRED	ILLUMINA	Illumina HiSeq 2000
SRR7352746	SAMN04851099	Iberian Wolf (Canis lupus signatus)	Iberian Wolf (Canis lupus signatus)	wild	422859730	257	PAIRED	ILLUMINA	Illumina HiSeq 2000
SRR7352737	SAMN04851099	Iberian Wolf (Canis lupus signatus)	Iberian Wolf (Canis lupus signatus)	wild	514435622	309	PAIRED	ILLUMINA	Illumina HiSeq 2000
SRR7352738	SAMN04851099	Iberian Wolf (Canis lupus signatus)	Iberian Wolf (Canis lupus signatus)	wild	576679296	348	PAIRED	ILLUMINA	Illumina HiSeq 2000
SRR7352739	SAMN04851099	Iberian Wolf (Canis lupus signatus)	Iberian Wolf (Canis lupus signatus)	wild	1203635988	719	PAIRED	ILLUMINA	Illumina HiSeq 2000
SRR7352740	SAMN04851099	Iberian Wolf (Canis lupus signatus)	Iberian Wolf (Canis lupus signatus)	wild	308611964	190	PAIRED	ILLUMINA	Illumina HiSeq 2000
SRR7352741	SAMN04851099	Iberian Wolf (Canis lupus signatus)	Iberian Wolf (Canis lupus signatus)	wild	511668222	312	PAIRED	ILLUMINA	Illumina HiSeq 2000
SRR7352732	SAMN04851099	Iberian Wolf (Canis lupus signatus)	Iberian Wolf (Canis lupus signatus)	wild	1718010	1	PAIRED	ILLUMINA	Illumina HiSeq 2000
SRR7352733	SAMN04851099	Iberian Wolf (Canis lupus signatus)	Iberian Wolf (Canis lupus signatus)	wild	1235837212	748	PAIRED	ILLUMINA	Illumina HiSeq 2000
SRR7352734	SAMN04851099	Iberian Wolf (Canis lupus signatus)	Iberian Wolf (Canis lupus signatus)	wild	2280984	1	PAIRED	ILLUMINA	Illumina HiSeq 2000
SRR7352735	SAMN04851099	Iberian Wolf (Canis lupus signatus)	Iberian Wolf (Canis lupus signatus)	wild	1164240938	709	PAIRED	ILLUMINA	Illumina HiSeq 2000
SRR7352736	SAMN04851099	Iberian Wolf (Canis lupus signatus)	Iberian Wolf (Canis lupus signatus)	wild	421327762	256	PAIRED	ILLUMINA	Illumina HiSeq 2000
SRR7352727	SAMN04851099	Iberian Wolf (Canis lupus signatus)	Iberian Wolf (Canis lupus signatus)	wild	230215764	138	PAIRED	ILLUMINA	Illumina HiSeq 2000
SRR7352728	SAMN04851099	Iberian Wolf (Canis lupus signatus)	Iberian Wolf (Canis lupus signatus)	wild	148461920	89	PAIRED	ILLUMINA	Illumina HiSeq 2000
SRR7352729	SAMN04851099	Iberian Wolf (Canis lupus signatus)	Iberian Wolf (Canis lupus signatus)	wild	1510017468	897	PAIRED	ILLUMINA	Illumina HiSeq 2000
SRR7352730	SAMN04851099	Iberian Wolf (Canis lupus signatus)	Iberian Wolf (Canis lupus signatus)	wild	722345940	434	PAIRED	ILLUMINA	Illumina HiSeq 2000
SRR7352731	SAMN04851099	Iberian Wolf (Canis lupus signatus)	Iberian Wolf (Canis lupus signatus)	wild	353215180	212	PAIRED	ILLUMINA	Illumina HiSeq 2000
SRR7352722	SAMN04851099	Iberian Wolf (Canis lupus signatus)	Iberian Wolf (Canis lupus signatus)	wild	338651788	200	PAIRED	ILLUMINA	Illumina HiSeq 2000
SRR7352723	SAMN04851099	Iberian Wolf (Canis lupus signatus)	Iberian Wolf (Canis lupus signatus)	wild	631065574	376	PAIRED	ILLUMINA	Illumina HiSeq 2000
SRR7352724	SAMN04851099	Iberian Wolf (Canis lupus signatus)	Iberian Wolf (Canis lupus signatus)	wild	406703568	249	PAIRED	ILLUMINA	Illumina HiSeq 2000
SRR7352725	SAMN04851099	Iberian Wolf (Canis lupus signatus)	Iberian Wolf (Canis lupus signatus)	wild	114397044	69	PAIRED	ILLUMINA	Illumina HiSeq 2000
SRR7352726	SAMN04851099	Iberian Wolf (Canis lupus signatus)	Iberian Wolf (Canis lupus signatus)	wild	74476592	45	PAIRED	ILLUMINA	Illumina HiSeq 2000
SRR7352717	SAMN04851099	Iberian Wolf (Canis lupus signatus)	Iberian Wolf (Canis lupus signatus)	wild	680752120	406	PAIRED	ILLUMINA	Illumina HiSeq 2000
SRR7352718	SAMN04851099	Iberian Wolf (Canis lupus signatus)	Iberian Wolf (Canis lupus signatus)	wild	698802638	428	PAIRED	ILLUMINA	Illumina HiSeq 2000
SRR7352719	SAMN04851099	Iberian Wolf (Canis lupus signatus)	Iberian Wolf (Canis lupus signatus)	wild	65279532	39	PAIRED	ILLUMINA	Illumina HiSeq 2000
SRR7352720	SAMN04851099	Iberian Wolf (Canis lupus signatus)	Iberian Wolf (Canis lupus signatus)	wild	399611954	243	PAIRED	ILLUMINA	Illumina HiSeq 2000
SRR7352721	SAMN04851099	Iberian Wolf (Canis lupus signatus)	Iberian Wolf (Canis lupus signatus)	wild	180684556	109	PAIRED	ILLUMINA	Illumina HiSeq 2000
SRR7352712	SAMN04851099	Iberian Wolf (Canis lupus signatus)	Iberian Wolf (Canis lupus signatus)	wild	473884930	284	PAIRED	ILLUMINA	Illumina HiSeq 2000
SRR7352713	SAMN04851099	Iberian Wolf (Canis lupus signatus)	Iberian Wolf (Canis lupus signatus)	wild	780947554	474	PAIRED	ILLUMINA	Illumina HiSeq 2000
SRR7352714	SAMN04851099	Iberian Wolf (Canis lupus signatus)	Iberian Wolf (Canis lupus signatus)	wild	3985258	2	PAIRED	ILLUMINA	Illumina HiSeq 2000
SRR7352715	SAMN04851099	Iberian Wolf (Canis lupus signatus)	Iberian Wolf (Canis lupus signatus)	wild	101580144	62	PAIRED	ILLUMINA	Illumina HiSeq 2000
SRR7352716	SAMN04851099	Iberian Wolf (Canis lupus signatus)	Iberian Wolf (Canis lupus signatus)	wild	59412038	35	PAIRED	ILLUMINA	Illumina HiSeq 2000
SRR7352707	SAMN04851099	Iberian Wolf (Canis lupus signatus)	Iberian Wolf (Canis lupus signatus)	wild	454904	0	PAIRED	ILLUMINA	Illumina HiSeq 2000
SRR7352708	SAMN04851099	Iberian Wolf (Canis lupus signatus)	Iberian Wolf (Canis lupus signatus)	wild	552862284	328	PAIRED	ILLUMINA	Illumina HiSeq 2000
SRR7352709	SAMN04851099	Iberian Wolf (Canis lupus signatus)	Iberian Wolf (Canis lupus signatus)	wild	62242664	38	PAIRED	ILLUMINA	Illumina HiSeq 2000
SRR7352710	SAMN04851099	Iberian Wolf (Canis lupus signatus)	Iberian Wolf (Canis lupus signatus)	wild	921228070	554	PAIRED	ILLUMINA	Illumina HiSeq 2000
SRR7352711	SAMN04851099	Iberian Wolf (Canis lupus signatus)	Iberian Wolf (Canis lupus signatus)	wild	711421780	428	PAIRED	ILLUMINA	Illumina HiSeq 2000
SRR7352702	SAMN04851099	Iberian Wolf (Canis lupus signatus)	Iberian Wolf (Canis lupus signatus)	wild	716292	0	PAIRED	ILLUMINA	Illumina HiSeq 2000
SRR7352703	SAMN04851099	Iberian Wolf (Canis lupus signatus)	Iberian Wolf (Canis lupus signatus)	wild	278263282	166	PAIRED	ILLUMINA	Illumina HiSeq 2000
SRR7352704	SAMN04851099	Iberian Wolf (Canis lupus signatus)	Iberian Wolf (Canis lupus signatus)	wild	360967536	219	PAIRED	ILLUMINA	Illumina HiSeq 2000
SRR7352705	SAMN04851099	Iberian Wolf (Canis lupus signatus)	Iberian Wolf (Canis lupus signatus)	wild	1009854964	621	PAIRED	ILLUMINA	Illumina HiSeq 2000
SRR7352706	SAMN04851099	Iberian Wolf (Canis lupus signatus)	Iberian Wolf (Canis lupus signatus)	wild	31719858	19	PAIRED	ILLUMINA	Illumina HiSeq 2000
SRR7352697	SAMN04851099	Iberian Wolf (Canis lupus signatus)	Iberian Wolf (Canis lupus signatus)	wild	268416994	161	PAIRED	ILLUMINA	Illumina HiSeq 2000
SRR7352698	SAMN04851099	Iberian Wolf (Canis lupus signatus)	Iberian Wolf (Canis lupus signatus)	wild	352441116	218	PAIRED	ILLUMINA	Illumina HiSeq 2000
SRR7352699	SAMN04851099	Iberian Wolf (Canis lupus signatus)	Iberian Wolf (Canis lupus signatus)	wild	705742954	435	PAIRED	ILLUMINA	Illumina HiSeq 2000
SRR7352700	SAMN04851099	Iberian Wolf (Canis lupus signatus)	Iberian Wolf (Canis lupus signatus)	wild	473880486	283	PAIRED	ILLUMINA	Illumina HiSeq 2000
SRR7352701	SAMN04851099	Iberian Wolf (Canis lupus signatus)	Iberian Wolf (Canis lupus signatus)	wild	403548934	243	PAIRED	ILLUMINA	Illumina HiSeq 2000
SRR14766742	SAMN04851103	Village Dog - China 40	Village Dog - China	village	6259759800	3715	PAIRED	ILLUMINA	Illumina HiSeq 2000
SRR7352694	SAMN04851099	Iberian Wolf (Canis lupus signatus)	Iberian Wolf (Canis lupus signatus)	wild	271446186	163	PAIRED	ILLUMINA	Illumina HiSeq 2000
SRR7352695	SAMN04851099	Iberian Wolf (Canis lupus signatus)	Iberian Wolf (Canis lupus signatus)	wild	120517442	73	PAIRED	ILLUMINA	Illumina HiSeq 2000
SRR7352696	SAMN04851099	Iberian Wolf (Canis lupus signatus)	Iberian Wolf (Canis lupus signatus)	wild	516866692	309	PAIRED	ILLUMINA	Illumina HiSeq 2000
