Name	Breed	BioProject	BioSample	Category
Andean Fox	Andean Fox	PRJNA232497	SAMN02487034	wild
Coyote 1	Coyote	PRJNA255370	SAMN02921301	wild
Coyote 2	Coyote	PRJNA255370	SAMN02921302	wild
Coyote 3	Coyote	PRJNA255370	SAMN02921303	wild
Dhole	Dhole	PRJNA266585	SAMN03168405	wild
Dingo	Dingo	PRJNA274504	SAMN03366709	wild
Golden Jackal	Golden Jackal	PRJNA274504	SAMN03366713	wild
Grey Wolf 1	Grey Wolf	PRJNA192935	SAMN01974486	wild
Grey Wolf 2	Grey Wolf	PRJNA192935	SAMN01974487	wild
Grey Wolf 3	Grey Wolf	PRJNA192935	SAMN01974488	wild
Grey Wolf 4	Grey Wolf	PRJNA192935	SAMN01974489	wild
Grey Wolf 5	Grey Wolf	PRJNA274504	SAMN03366711	wild
Grey Wolf 6	Grey Wolf	PRJNA274504	SAMN03366712	wild
Grey Wolf 7	Grey Wolf	PRJNA274504	SAMN03366710	wild
Grey Wolf 8	Grey Wolf	PRJNA288568	SAMN03801694	wild
Grey Wolf 9	Grey Wolf	PRJNA255370	SAMN02921310	wild
Grey Wolf 10	Grey Wolf	PRJNA255370	SAMN02921311	wild
Grey Wolf 11	Grey Wolf	PRJNA255370	SAMN02921312	wild
Grey Wolf 12	Grey Wolf	PRJNA255370	SAMN02921313	wild
Grey Wolf 13	Grey Wolf	PRJNA255370	SAMN02921314	wild
Grey Wolf 14	Grey Wolf	PRJNA255370	SAMN02921315	wild
Grey Wolf 15	Grey Wolf	PRJNA255370	SAMN02921316	wild
Grey Wolf 16	Grey Wolf	PRJNA255370	SAMN02921319	wild
Grey Wolf 17	Grey Wolf	PRJNA255370	SAMN02921320	wild
Grey Wolf 18	Grey Wolf	PRJNA255370	SAMN02921321	wild
Grey Wolf 19	Grey Wolf	PRJNA255370	SAMN02921322	wild
Grey Wolf 20	Grey Wolf	PRJNA266585	SAMN03168394	wild
Grey Wolf 21	Grey Wolf	PRJNA266585	SAMN03168397	wild
Grey Wolf 22	Grey Wolf	PRJNA266585	SAMN03168399	wild
Grey Wolf 23	Grey Wolf	PRJNA266585	SAMN03168396	wild
Grey Wolf 24	Grey Wolf	PRJNA266585	SAMN03168398	wild
Grey Wolf 25	Grey Wolf	PRJNA266585	SAMN03168400	wild
Grey Wolf 26	Grey Wolf	PRJNA266585	SAMN03168393	wild
Grey Wolf 27	Grey Wolf	PRJNA266585	SAMN03168395	wild
Grey Wolf (Canis Lupus chanco) 1	Grey Wolf (Canis Lupus chanco)	PRJNA448733	SAMN03652997	wild
Grey Wolf (Canis Lupus chanco) 2	Grey Wolf (Canis Lupus chanco)	PRJNA448733	SAMN03653003	wild
Grey Wolf (Canis Lupus chanco) 3	Grey Wolf (Canis Lupus chanco)	PRJNA448733	SAMN03652998	wild
Grey Wolf (Canis Lupus chanco) 4	Grey Wolf (Canis Lupus chanco)	PRJNA448733	SAMN03653001	wild
Grey Wolf (Canis Lupus chanco) 5	Grey Wolf (Canis Lupus chanco)	PRJNA448733	SAMN03653004	wild
Grey Wolf (Canis Lupus chanco) 6	Grey Wolf (Canis Lupus chanco)	PRJNA448733	SAMN03652999	wild
Grey Wolf (Canis Lupus chanco) 7	Grey Wolf (Canis Lupus chanco)	PRJNA448733	SAMN03653000	wild
Grey Wolf (Canis Lupus chanco) 8	Grey Wolf (Canis Lupus chanco)	PRJNA448733	SAMN03653002	wild
Iberian Wolf (Canis lupus signatus)	Iberian Wolf (Canis lupus signatus)	PRJNA318403	SAMN04851099	wild
Red Wolf 1	Red Wolf	PRJNA255370	SAMN02921317	wild
Red Wolf 2	Red Wolf	PRJNA255370	SAMN02921318	wild
Village Dog - Aboriginal Camp Dog	Village Dog - Aboriginal Camp Dog	PRJEB2162	SAMEA1521940	village
Village Dog - Borneo 1	Village Dog - Borneo	PRJNA232497	SAMN02485592	village
Village Dog - Borneo 2	Village Dog - Borneo	PRJNA232497	SAMN02485593	village
Village Dog - Borneo 3	Village Dog - Borneo	PRJNA232497	SAMN02485594	village
Village Dog - China 1	Village Dog - China	PRJNA232497	SAMN02485581	village
Village Dog - China 2	Village Dog - China	PRJNA192935	SAMN01974490	village
Village Dog - China 3	Village Dog - China	PRJNA192935	SAMN01974491	village
Village Dog - China 4	Village Dog - China	PRJNA192935	SAMN01974492	village
Village Dog - China 5	Village Dog - China	PRJNA232497	SAMN02485568	village
Village Dog - China 6	Village Dog - China	PRJNA232497	SAMN02485569	village
Village Dog - China 7	Village Dog - China	PRJNA232497	SAMN02485570	village
Village Dog - China 8	Village Dog - China	PRJNA232497	SAMN02485571	village
Village Dog - China 9	Village Dog - China	PRJNA232497	SAMN02485576	village
Village Dog - China 10	Village Dog - China	PRJNA233638	SAMN02585181	village
Village Dog - China 11	Village Dog - China	PRJNA233638	SAMN02585182	village
Village Dog - China 12	Village Dog - China	PRJNA233638	SAMN02585183	village
Village Dog - China 13	Village Dog - China	PRJNA233638	SAMN02585184	village
Village Dog - China 14	Village Dog - China	PRJNA233638	SAMN02585185	village
Village Dog - China 15	Village Dog - China	PRJNA233638	SAMN02585186	village
Village Dog - China 16	Village Dog - China	PRJNA233638	SAMN02585187	village
Village Dog - China 17	Village Dog - China	PRJNA233638	SAMN02585188	village
Village Dog - China 18	Village Dog - China	PRJNA233638	SAMN02585189	village
Village Dog - China 19	Village Dog - China	PRJNA233638	SAMN02585190	village
Village Dog - China 20	Village Dog - China	PRJNA233638	SAMN02585171	village
Village Dog - China 21	Village Dog - China	PRJNA233638	SAMN02585172	village
Village Dog - China 22	Village Dog - China	PRJNA233638	SAMN02585173	village
Village Dog - China 23	Village Dog - China	PRJNA233638	SAMN02585174	village
Village Dog - China 24	Village Dog - China	PRJNA233638	SAMN02585175	village
Village Dog - China 25	Village Dog - China	PRJNA233638	SAMN02585176	village
Village Dog - China 26	Village Dog - China	PRJNA233638	SAMN02585177	village
Village Dog - China 27	Village Dog - China	PRJNA233638	SAMN02585178	village
Village Dog - China 28	Village Dog - China	PRJNA233638	SAMN02585179	village
Village Dog - China 29	Village Dog - China	PRJNA233638	SAMN02585180	village
Village Dog - China 30	Village Dog - China	PRJNA233638	SAMN02585161	village
Village Dog - China 31	Village Dog - China	PRJNA233638	SAMN02585162	village
Village Dog - China 32	Village Dog - China	PRJNA233638	SAMN02585163	village
Village Dog - China 33	Village Dog - China	PRJNA233638	SAMN02585164	village
Village Dog - China 34	Village Dog - China	PRJNA233638	SAMN02585165	village
Village Dog - China 35	Village Dog - China	PRJNA233638	SAMN02585166	village
Village Dog - China 36	Village Dog - China	PRJNA233638	SAMN02585167	village
Village Dog - China 37	Village Dog - China	PRJNA233638	SAMN02585168	village
Village Dog - China 38	Village Dog - China	PRJNA233638	SAMN02585169	village
Village Dog - China 39	Village Dog - China	PRJNA233638	SAMN02585170	village
Village Dog - China 40	Village Dog - China	PRJNA232497	SAMN04851103	village
Village Dog - China 41	Village Dog - China	PRJNA232497	SAMN02485575	village
Village Dog - China 42	Village Dog - China	PRJNA232497	SAMN02485572	village
Village Dog - Egypt 1	Village Dog - Egypt	PRJNA232497	SAMN02485582	village
Village Dog - Egypt 2	Village Dog - Egypt	PRJNA232497	SAMN02485583	village
Village Dog - India 1	Village Dog - India	PRJNA232497	SAMN02485586	village
Village Dog - India 2	Village Dog - India	PRJNA232497	SAMN02485587	village
Village Dog - India 3	Village Dog - India	PRJNA232497	SAMN02485588	village
Village Dog - India 4	Village Dog - India	PRJNA232497	SAMN02485590	village
Village Dog - India 5	Village Dog - India	PRJNA232497	SAMN02485591	village
Village Dog - Lebanon 1	Village Dog - Lebanon	PRJNA232497	SAMN02485595	village
Village Dog - Lebanon 2	Village Dog - Lebanon	PRJNA232497	SAMN02485596	village
Village Dog - Lebanon 3	Village Dog - Lebanon	PRJNA232497	SAMN02485597	village
Village Dog - Namibia 1	Village Dog - Namibia	PRJNA232497	SAMN02485598	village
Village Dog - Namibia 2	Village Dog - Namibia	PRJNA232497	SAMN02485599	village
Village Dog - Namibia 3	Village Dog - Namibia	PRJNA232497	SAMN02485600	village
Village Dog - Papua New Guinea 1	Village Dog - Papua New Guinea	PRJNA232497	SAMN02485601	village
Village Dog - Papua New Guinea 2	Village Dog - Papua New Guinea	PRJNA232497	SAMN02485602	village
Village Dog - Papua New Guinea 3	Village Dog - Papua New Guinea	PRJNA232497	SAMN02485603	village
Village Dog - Portugal 1	Village Dog - Portugal	PRJNA232497	SAMN04851101	village
Village Dog - Portugal 2	Village Dog - Portugal	PRJNA232497	SAMN02485604	village
Village Dog - Portugal 3	Village Dog - Portugal	PRJNA232497	SAMN02485605	village
Village Dog - Qatar 1	Village Dog - Qatar	PRJNA232497	SAMN02485606	village
Village Dog - Qatar 2	Village Dog - Qatar	PRJNA232497	SAMN02485607	village
Village Dog - Sub-Saharan Africa	Village Dog - Sub-Saharan Africa	PRJNA232497	SAMN04851104	village
Village Dog - Taiwan	Village Dog - Taiwan	PRJNA232497	SAMN02485608	village
Village Dog - Vietnam 1	Village Dog - Vietnam	PRJNA232497	SAMN02485609	village
Village Dog - Vietnam 2	Village Dog - Vietnam	PRJNA232497	SAMN02485610	village
Village Dog - Vietnam 3	Village Dog - Vietnam	PRJNA232497	SAMN02485611	village
Village Dog - Vietnam 4	Village Dog - Vietnam	PRJNA232497	SAMN02485612	village
Village Dog - Vietnam 5	Village Dog - Vietnam	PRJNA232497	SAMN02485613	village
Village Dog - Vietnam 6	Village Dog - Vietnam	PRJNA232497	SAMN02485614	village
Wolf 1	Wolf	PRJNA331222	SAMN05439956	wild
Wolf 2	Wolf	PRJNA331222	SAMN05791669	wild
Wolf 3	Wolf	PRJNA331222	SAMN05791668	wild
Wolf 4	Wolf	PRJNA331222	SAMN05736724	wild
Wolf 5	Wolf	PRJEB16012	SAMEA104091563	wild
Wolf 6	Wolf	PRJEB16012	SAMEA104091564	wild
Wolf 7	Wolf	PRJEB16012	SAMEA104091565	wild
Wolf 8	Wolf	PRJNA299506	SAMN04209256	wild
Wolf 9	Wolf	PRJNA361023	SAMN06219538	wild
Wolf 10	Wolf	PRJNA361023	SAMN06219539	wild
